대학교 이름,가게 이름,형태소_분류_리뷰
명지대학교 인문캠퍼스,GRAP,안녕하다 가슴 따뜻하다 사연 있다 리뷰 남기다 오늘 교회 전도 나오다 길 전도 물품 나누다 드리다 갑자기 어떻다 잘생기다 남자 커피 대접 해주다 하다 들어오다 보다 사장 셨 추다 날씨 밖 전도 하다 저희 마음 기쁘다 받다 너무 맛있다 커피 직접 내다 친절하다 사장 좋다 일 복되다 일 넘치다 사랑 가득하다 축복 하다 명지대 학생 동네 주민 카페 왕왕 추천 하다 늘 행복하다 하루 되다 매장 재미있다 책 엄청 많다 혼자 시간 보내다 좋다 여기 바닐라 라테 진짜 맛있다 욤 그리다 인절미 라테 처음 마시다 보다 미숫가루 같다 거 좋아하다 다 좋아하다 것 같다 맛 이다 서울 나들이 가다 지인 이사 집 근처 우연히 방문 하다 되다 카페 이다 두번째 방문 이다 지난번 딸기 요거트 스무디 너무 맛있다 먹다 이번 플레인 스랑 자몽 이드 주문 하다 보다 역시 맛있다 먹다 추가 파이 시키다 순삭 불닭 파이다 정말 마 성의 맛 두번째 방문 만 재 방문 하다 그림 좀 바뀌다 매장 인테리어 넘다 예쁘다 눈 띄다 생기다 얼마 안되다 본가 근처 카페 어제 아메리카노 말다 괜찮다 다음 날 또 찾아가다 사장 처 메뉴 다 맛있다 라떼 엄청 진하다 꼬수워 파이다 데 못 먹다 보다 맛 엄청 바삭 치즈 많이 들다 꼭 파이 들다 보시 기르다 사장 정말 친절하다 덕분 커피 디저트 모두 맛있다 즐기다 남자친구 포장 해오다 먹다 진짜 입 먹다 너무 맛있다 사진 찍다 다 먹다 날씨 좋다 외부 좌석 앉다 커피 파이 너무 맛있다 사장 친절하다 일부러 찾아가다 곳 카페 찾아보다 힙 카페 생겻길 찾아오다 힙 감성 가득하다 다양하다 그림 보다 감성 음료 치즈 파이 애플파이 슈 알바생 너무 맛있다 디저트 음료수 예쁘다 자주 오다 코코넛 라떼 맛있다 파이 맛있다 크림 치즈 애플 차이 두다 맛있다 인테리어 동네 있다 다른 카페 다르다 유니크 하다 아이 데리 가다 사장 아이 용 복숭아 아이스티 크다 스텀 따로 만들다 주다 감사하다 테이크 아웃 이용 하다 다음 매장 이용 해보다 지나가다 인테리어 예쁘다 들어가다 보다 시키다 메뉴 모두 만족 딸기 음료 좋아하다 딸기 요거트 스무디 진짜 강 추하다 딸기 과육 많이 들다 그렇게 달다 않다 불고기 블루베리 파이 먹다 보다 치즈 들다 너무 맛있다 사장 점장님 아무튼 굉장하다 친절하다 재 방문 의사 이다 고냥이 그림 넘다 귀엽다 욧 집 가깝다 오픈 하다 때 오늘 번 방문 하다 장님 너무 친절하다 집 근처 새롭다 생기다 가보다 파이 종류 다양하다 친절하다 좋다 파이 따뜻하다 맛있다 자다 먹다 커피 음료 맛있다 자다 먹다 종종 방문 하다 되다 같다 파이 종류 별로 다 먹다 보고 싶다 인테리어 음악 선곡 센스 돋보이다 까페 워 나오다 애플파이 크림 치즈 파이 맛집 이다 모든 음료 맛있다 파이 음료수 조합 너무 좋다 애플파이 아아 넘다 어울리다 갠 파이 필링 이 많이 안 달 쭉쭉 늘어나다 치즈 많이 들다 더 좋다 갤러리 느낌 가게 너무 이쁘다 아메리카노 넘다 맛있다 여친 오다 인테리어 예쁘다 사진 많이 찍다 가다 고소하다 커피 늘 친절하다 커피 괜찮다 사장 친절하다 커피 정말 맛있다  남가좌 카페 은 파이 맛집 불닭 파이 햄 치즈 파이 너무 맛있다 단골 카페 찜 새롭다 생기다 신상 카페 미술관 컨셉 그림 있다 인테리어 심플 힙해 여기 처 파이 시키다 먹다 너무 맛있다 먹다 동네 맛있다 커피 팔다 카페 생기다 너무 좋다 자주 오다 커피 맛있다 근데 창문 필름 붙이다 젠 걸다 놓다 그림 볼 수 없다 게 아쉽다  아깝다 아이 가다 너무 친절 하다 커피 너무 너무 맛있다 파이 진짜 맛있다 자주자주 가다 분위기 좋다 맛 좋다 무엇 사장 친절하다 알바 누나 이쁘다 커피 넘다 맛있다 파이 진짜 맛있다 강추 분위기 넘다 좋다 사장 친절하다 자주 오다 거 같다 커피 정말 최고 디저트 너무 맛있다 너무 먹다 가요 사장 너무 친절하다 친절하다 커피 괜찮다 사장 친절하다 남가좌동 이렇다 핫 카페 얼마 생기다 건지다 너무 좋다 일단 파이 존맛 꼭 들다 보다 음료 넘다 취향 저격 다 맛있다 힙 예쁘다 곳 커피 맛 독특하다 인테리어 이쁘다 사장 친절하다 집앞 새롭다 생기다 가보다 굳다 여기 진짜 맛있다  신규 매장 방문 하다 분위기 좋다 커피 맛 좋다 다음 방문 하다 파이 먹다 보다
명지대학교 인문캠퍼스,글룩베이커리,글룩 바게트 소금 빵 진짜 존맛 매주 주말 포장 하다 소금 빵 얼리다 먹다 존맛 번 방문 하다 리뷰 처음 남기다 보다 너무나 좋아하다 빵집 하다 곳 이 곳 팔다 다양하다 빵 다 먹다 보다 하다 기존 먹다 보다 빵 너무 맛있다 새롭다 시도 하다 번 하다 개 하다 것 아쉽다 정도 이다 전부 다 추천 마늘빵 호두 크림 빵 맛 가성 비도 미치다 꼭 들다 보다 맛있다 저렴하다 치아바타 맛있다 포 크다 판매 하다 좋다 호두 밤 크림 치즈 호밀 스틱 치즈 올리브 치아바타 만족스럽다 소금 빵 질깃 버터 맛 별로 안나 아쉽다 재 방문 의사 있다 좋다 소 금 빵 최 고 빵 너무 맛있다 삼십분 걸다 일주일 한번 이 곳 찾다 이유 예쁘다 사진 아니다 아이 서대문 최고 소금 빵 맛집 츄릅 소금 빵 또 먹다  정성스럽다 맛있다 늘 맛있다 빵 많다 바게뜨 깜빠뉴 류 고소하다 좋다 모르다 아가씨 매장 들어가다 살다 보고 따라서 처음 빵 사다 너무 맛있다 먹다 자꾸 생각나다 빵집 서대문구 땀 뻘뻘 흘리다 찾아가다 하다 거리 이렇다 맛있다 빵집 자리 있다 사실 슬픔 표함 동시 친구 추천 곳 빵 달 않다 맛 요 일부러 리뷰 쓰다 온 거 정말 만이 지나가다 길 우연히 발견 빵집 기대 없이 들어가다 생크림 단팥빵 하나 사서 들고나다 오다 하다 입 물다 그 길 되돌아가다 가족 것 더 사다 늘 친절하다 빵 맛있다 시즌 상품 딸기 생크림 소금 빵 너무 맛있다 사장 친절하다 빵 맛있다 소금 빵 종류 별로 다 맛있다 크림 치즈 호두 빵 호두 밤팥빵 치즈 올리브 치아바타 캄파뉴 등등 전 다 좋다 소금 빵  너무 맛있다 빵 늘 맛있다 먹다 빵집 언제나 한결같이 맛있다 내 최애 소금 빵 소금 빵 맛집 빵 맛있다 저녁 이후 할인 판매 하다 걸 알 있다 영수증 지금 확인 해보다 할인 안되다 아침 빵 냄새 홀리 듯이 들어가다 빵 너무 부드럽다 맛있다 유럽 베이커리 감성 맛 그렇다  건강 빵 좋아하다 검색 하다 찾아가다 여기다 자주 가다 영수증 안 가져오다 이번 새롭다 빵 있다 영수증 받다 서다 리뷰 남기다 굿 계속 소보 못 사다 드디어 사다  빵 맛있다 주 한번 방문 속이다 편하다 빵집 소금 빵 존맛 탱 나 알고싶다 요기 비 건빵 잇다 여기다 전 개인 보루 빵 굿 인터넷 눈팅 하다 직접 글룩 캐릭터 귀엽넹 더 좋다 건 역시 빵 소보로빵 크랜베리 바게트 소금 빵 쿠키 다 매우 많이 정말 맛있다 좋아하다 곳 진짜 맛남 굿 빵 종류 많다 생크림 소금 빵 제일 맛있다 빵 정말 맛 잇다 좋다 빵 모두 맛있다 소금 빵 빵 너무 너무 맛있다 자주 가다 싶다 곳 맛있다 나 알 싶다 천연 발효종 가성 비 빵집 소금 빵 최고 최고 글룩 베이커리 소금 빵 최고 늘 만족하다 먹다 소금 빵 생크림 어울림 소금 크림 빵 생각나다 오다 생크림 소금 빵 너무 너무 맛있다 오래오래 파다 빵 맛있다 친절하다 자주 먹다 맛있다 친절하다 생크림 소금 빵 맛있다 완전 굳다 선물 사가다 빵 맛있다 하다 빵 맛있다 빵 너무 맛있다  굿굿 빵 종류 늨 보로 쿠키 정말 맛있다 착하다 빵집 이다 초코 바게트 초코 검은색 줄 알다 타다 처음 가다 아쉽다 소금 빵 오오오 사랑 소금 빵 인생 소금 빵 소금 빵 또 먹다 갈다 게 맛있다 피자 빵 치아바타 다 맛있다 신랑 보로 좋아하다 사다 제 입 너무 너무 맛있다 굳다 마늘빵 넘다 맛있다 방금 나오다 빵 뜨다 끈 뜨다 끈 빵 맛있다 맛있다 빵집 발효종 빵 더 맛있다 가격 착하다 욧 동네 이렇다 빵집 있다 너무 행복하다 크랜베리 바게트 두께 딱 좋다 썰다 그냥 먹다 맛있다 에프 굽다 먹다 더 맛있다 같다 빵 맛있다 밤 호두 앙금 빵 속이다 꽉차다 마늘빵 냄새 이끌다 가다 맛 잇다 일주일 한번 이상 마늘빵 사르다 맛집 이다
명지대학교 인문캠퍼스,대단한탕후루 명지대점,여기 정말 탕후루 맛집 요 일단 매장 깔끔하다 청결하다 첫인상 믿음 가다 사장 직원 넘다 친절하다 좋다 아이 손 설탕 묻다 미리 물티슈 챙기다 정말 친절 그 자체 이다 이렇다 섬세하다 배려 넘다 감동 이다 다른 곳 탕후루 사 먹다 보다 여기 탕후루 이 막 달라 붙다 않다 좋다 뭔가 비법 있다 것 같다 암튼 아이 어른 맛있다 자다 먹다 여기 은근 커피 맛집 기대 안 하다 주문 커피 이다 이 가격 이 맛 가성 비 최고 이다 다음 또 방문 하다 용 탕 탕 후루루 루 탕후루 맛집 아니다 이렇게 맛있다 있다 하나 주문 맛있다 포장 개 주문 하다 사장 알바 모두 친절하다 여기저기 탕후루 많이 먹다 보다 유난히 맛있다 뭐 비결 있다 탕후루 자주 먹다 딸아이 먹다 싶다 지나가다 길 들르다 이 걸 다양하다 과일 톡톡 튀다 펍 정말 맛있다 가성 비도 좋다 탕후루 맛있다 친절하다 딸 아이 제 탕후루 평소 좋아하다 구입 하다 종류 다양하다 딸기 블랙 사파이어 샤머 토마토 눈사람 파인애플 통귤 종류 별로 다 구입 하다 코팅 얇다 자다 굳다 식감 콰 거리 달콤하다 안 과일 신선하다 도 높다 재 방문 의사 완전 있다 다음 또 갈다 차다 사장 직원 모두 너무 친절하다 새롭다 나오다 마카 세 탕후루 먹다 보다 과일 종류 다양하다 좋다 여기 설탕 코팅 얇다 맛있다 곳 없다 달다 맛있다 과일 신선하다 탕후루 탕후루 항상 여기 만 사 먹다 포스 기 솔드아웃 메뉴 따로 확인 가능하다 다음 방문 하다 같다 지나가다 길 들리다 과일 종류 다양하다 무엇 다른 곳 비다 과일 크다 가성 비 굿 어머니 탕후루 좋아하다 근처 지나가다 들다 포장 하다 먹다 과일 싱싱 신선하다 맛 좋다 자주 먹다 편 아니다 최근 먹다 탕후루중 젤 맛 나다 잘생기다 남자 사장 포장 깔끔하다 해주다 가게 바로 먹다 맛 나다 친절하다 것 것 설명 해주다 이렇게 리뷰 남기다 보다 탕후루 맛있다 과일 싱싱하다 넘다 맛있다 과일 신선하다 너무 맛있다 커피 가격 너무 싸다 솔직하다 기대 하다 커피 너무 맛있다 사장 너무 친절하다 탕후루 젤 맛있다 곳 블랙 사파이어 탕후루 탕후루 맛집 탕후루 대단하다 맛있다 탕후루중 최고 너무 맛있다 비싸다 맛있다 아이 좋아하다 겉 바삭 과즙 입안 가득 맛있다 딸기 탕후루 너무 맛있다 설탕 코팅 얇다 좋다 많이 파다 오늘 처음 방문 하다 탕후루 만 사다 붕어빵 마리 사서 세번 붕어 먹다 어금니 집 근처 탕후루 가게 있다 헉 진짜 맛있다 아이 좋아하다 일부러 가다 탕후루 맛집 탕후루 맛집 요즘 너무 핫 탕후루 탕후루 중독 돼다 넘다 맛있다 쿠폰 도장 찍기 늘 친절하다 맞다 갈다 때 기분 좋다 곳 탕후루 역시 겨울 먹다 맛 쥬 귤탕후루 달콤하다 콤 식 감다 최고 붕어빵 바삭바삭하다 맛있다 슈크림 팥 모두 굿 종종 방문 하다 친절하다 설탕 코팅 얇다 맛있다 퇴근 후 지치다 상태 방문 하다 친절 감동 하다 리뷰 쓰다 탕후루 아이 엄청 좋아하다 요즘 거의 매일 사먹다 붕어빵 과일 진짜 달 설탕 두껍다 않다 진짜 맛있다 드디어 명지대 탕후루 먹다 수 있다 다른 디저트 좋아하다 탕후루 좋아하다 저 너무 기쁘다 소식 이다 과일 알도 크다 설탕 입히다 있다 홍대 가다 맛있다 탕후루 먹다 수 있다 곳 맛 도리 맛 도리 딸기 철 되다 더 달콤  말 하다 뭐해 탕후루 당연하다 존맛 저희 붕어빵 먹다 아이 좋아하다 탕후루 맛집 우연히 발견 명지대 탕후루 처음 먹다 보다 블랙 사파이어 너무 맛 요 샤인 머 스캣 엄청 크다 신선하다 더 맛있다 같다 사장 친절하다 혹시 녹다 염려 되다 아이 스포 장하다 꼼꼼하다 자다 포장 해주다 감사하다 또 방문 하다 골고루 먹다 보다 중독 있다 탕후루 맛있다 아샤 세트 좋다 남자친구 시즌 끝나다 기념 탕후루 다발 만 들어주다 반응 너무 좋다 용 영업 종료 시간 픽업 하다 되다 불구 친절하다 응대 해주다 너무 감사하다 명지대 학생 자주 먹다 가다 과일 신선하다 맛있다 이 매장 탕후루 가게 중 제일 맛있다 거 같다 설탕 시럽 두껍다 않다 바삭바삭하다 받다 맛있다 흡입 하다 버리다 사장 알바생 너무 친절하다 또 방문 하다 용 탕후루 역시 바삭 식 가다 명지대 대단하다 탕후루 늘다 바삭바삭 입 달라붙다 않다 좋다 과일 신선하다 과즙 살다 오늘 딸기 탕후루 먹다 내일 걸 종류 많다 고르다 먹다 재미 있다 단골 되다 일반 탕후루 자주 사먹다 번 팝핑 탕후루 새롭다 나오다 하다 먹다 보다 탕후루 맛있다 또 오다 또 도독 이빨 앙 물다 때 나 소리 대다 길 정도 인기 있다 탕후루 맛집 그래서 가보다 과일 신선하다 달 맛있다 집 근처 가깝다 탕후루집 있다 버스 타고 오다 사먹다 정도 바삭 맛있다 맛있다 탕후루 넘다 맛있다 또 오다 인생 첫탕후루 맛있다 귤 다른 매장 두툼해 자주 오다 맛있다 먹다 탕후루 중독 있다 넘다 맛있다 허다 자꾸 생각나다 탕후루 맛있다 또 오다 동네 탕후루 가게 생기다 좋다 애 탕후루 노래 불다 사먹다 오다 과일 사이즈 입 적당하다 맘 들다 먹기 다른 탕후루집 편하다 맛 물론 이구 음료 넘다 저렴하다 맛 좋다 포도 종류 맛있다 딸기 제철 아니다 감안 하다 해 그래도 맛 좋다 초등학생 딸아이 좋아하다 들다 보다 다른 탕후루 가게 과일 종류 많다 알도 실하다 동네 탕후루 가게 생기다 너무 좋다 탕후루 탕후루 진짜 너무 맛있다 과일 크다 코팅 완전빠삭해 다른 매장 먹다 보다 명지대 점 젤 맛 늘다 같다 사장 넘다 친절하다 자주 갈다 같다 갈다 때 종류 다르다 먹다 보다 통귤 탕후루 처음 먹다 보다 너무 맛있다 영 설탕 코팅 바삭바삭하다 이 붙다 않다 과즙 넘다 자다 어울리다 다음 또 먹다 갈다 뒤늦다 먹다 보다 진짜 너무 맛있다 겉 시럽 많이 딱딱하다 않다 직접 생 일로 만들다 과일 씹히다 촉촉하다 맛 너무 좋다 사장 탕후루 쓰레기 수거 하다 돌아다니다 매장 관리 청결하다 하다 믿음 직 스럽다 먹다 보다 되어다 맛 역시 말 하다 없다 추천 드리다 번창 하다 탕후루 좋아하다 여기저기 먹다 보다 엄청 바삭바삭하다 맛있다 샤인 머스켓 도도 높다 꿀맛 이다 이제 탕후루 여기 정착 하다 겨울 설탕 녹지 않다 더 맛있다 아이 탕후루 넘다 좋아하다 겉바 촉 바사삭 하다 씹다 때 과즙 팡 터지다 완전 맛있다 또 오다 가끔 먹다 맛있다 넘다 맛있다 달달 하다 탕후루 맛집 일부러 버스 타고 찾아오다 우리 애 먹다 먹다 너무 감사하다 먹다 근처 탕후루 맛집 생기다 너무 너무 좋다 마감 시간 후다닥 달려가다 운 좋다 먹다 수 있다 탕후루 처 돌이 완전 인생 탕후루 기분 좋다 탕후루 사오다 자잘하다 먼지 붙다 위 하나 발견 하다 그냥 설탕 코팅 떼다 먹다 혹시 찾아보다 밑 먼지 붙다 발견 하다 버리다 기분 좀 그렇다 평소 지나가다 탕후루 몇 개 사먹다 이번 좀 실망 탕후루 먼지 취약 건 알 애초 설탕 코팅 제대로 안 되어다 적어도 파인애플 탕후루 재다 의사 없다 사장 진짜 너무 친절하다 탕후루 설탕 골고루 바르다 달 맛있다 다른 프랜차이즈 훨씬 낫다 무조건 블랙 사파이어 우리동네 핫 대단하다 탕후루 다녀오다 딸기 맛 도리 여기 번 넘다 온 것 같다 왜 오다 때 거의 믹스 없다 내 시간대 잘못 찾아오다 걸다 분명 오픈 막 하다 때 다른 종류 있다 요즘 믹스 안 보임 똑같다 시간 간 게 아니다 시간대 골고루 방문 하다 여기 복불복 너무 심하다 가장 최근 먹다 딸기 샤인 머스켓 믹스 이 겁나다 달라붙다 짜증나다 뭐 괜찮다 뭐 정말 안 괜찮다 앞 안 갈다 것 같다 동네 탕후루 가게 생기다 너무 좋다 탕후루 맛집 강 추하다 저번 먹다 때 맛있다 두 방문 하다 친절하다 너무 맛있다 인기 엄청 많다 품절 되다 기전 꼭 겟 하다 집앞
명지대학교 인문캠퍼스,디저트39 명지대점,베다 티 용량 맛 잇다 좋다 굳다 굳다 텀블러 가져가다 아아 말다 수 있다 하다 음료 어어 무 종류 많다 선택 장애 러 최대 난관 맛있다 예쁘다 카페 디저트 메뉴 다양하다 베이글 맛있다 슬러시 맛있다 양도 많다 가격 착하다 물건 싸다 우연히 들리다 원래 디저트 맛집 건 알다 진짜 맛있다 다 먹다 추가 주문 하다 좋다 디저트 베이글 맛 요  아이스 바닐라 라떼 게 랑드 소금 빵 매우 맛있다 메뉴 많다 맛있다  디저트 카페 리뷰 처음 거 같다 치과 선생님 선물 하라 구입 해 저렴하다 자주 가다 곳 완맛 맛있다 베이글 굿 배달 밀리다 건지다 너무 오래 기다리다 준비 하다 거의 정도 걸리다 같다 디저트 컵 이쁘다 맛 요 종류 너무 많다 고르다 먹기 좋다 다양하다 좋다 커피 대용 맛있다 리 마싯다 누 친절하다 또 뵈다 말 엄청 따뜻하다 동네 커피 좋다 좋다 좀 비싸다 컵 특이하다 좋다  매장 깔끔하다 베이글 크림 치즈 먹다 거 왜케 맛 요 굿 맛있다 홍차 아인 슈페 너 라떼 맛있다 욬 근데 카페인 약하다 오늘 왠지 잠 못자다 디저트 메뉴 다양하다 좋다 프로 틴 쉐이크 있다 종종 오다 양도 많다 맛 좋다 좋다 텀블러 집 있다 가지 가다 할인 율 너무 없다 아쉽다 텀블러 할인 굿 자주 방문 하다 커피 부드럽다 맛 있다 저녁 먹다 늦다 커피 하다 잔 말다 오다 역시 여름 밤 작업 아아 맛 요 매장 깔끔하다 커피 맛있다 딸기 로얄 밀크 티 존맛 요기 메뉴 많다 좋다 좋다 맛있다 가성 비 좋다 연휴 쉬다 디저트 맛있다 점심 맛있다 먹다 지다 길 음료 맛있다 또 용기 너무 맘 들다 재활용 가능하다 좋다 좋다 매장 깔끔하다 텀블러 할인 좋다 디저트 맛있다 음료 종류 정말 다양하다 좋다 굿굿 굿 굿 좋다 맛있다 습 니당다 굿굿 깔끔하다 좋다  동네 자주 가다 카페 용 음료 양 혜자 혜자 좋다 굿 굿 맛있다 자주 방문 하다 슬림라인 칼로리 음료 있다 좋다 정말 맛있다 연 자바 칩 프라 페 꼭 들다 염 디저트 늘다 맛있다 너무 많다 바쁘다 주문 좀 받다 주다 좋다 큰소리 부르다 키 오스 크다 반응 없다 가격 착하다 맛있다 좋다 음악 돟 들다 오다 커피 맛있다 매장 청결하다 분위기 좋다 늦다 시간 이용 하다 수 있다 좋다 좀 늦다 나오다 맛있다 매장 크다 음료 맛있다 굿 그냥 무난 곳 시간 좀 걸리다 바삭 하다 맛있다 포장 해주다 좋다 이렇게 뭐 많다 곳 처음 가끔 포장 하다 먹다 굿 굿 딸기 오믈렛 맛있다 카라멜 크레이프 맛있다 자주 방문 하다 배달 하다 맛있다 디저트 이다  회색 분위기 이쁘다 굿  커피 음료 맛있다 디저트 생각나다 때 자주 들다 늘 친절하다 기분 좋다
명지대학교 인문캠퍼스,메가MGC커피 명지대점,좋다 시간 티타임  맛있다 먹다 번창 하다 감자 빵 진짜 맛있다 역시 메 싸다 맛있다 가성 비 좋다 먹다 기분 좋다 사다 기분 망치다 받다 때 컵 좀 끼다 주다 좋다 컵 직접 빼 하다 빼다 나오다 저 사진 찍다 바로 쿠키 떨어지다 젤라또 아이스크림 떨어지다 떨어지다 받다 다가 핸드폰 다 묻다 질질 흘리다 거리 집 가다 갖다 버리다 싶다 생크림 묽다 젤라또 오레오 얹다 느낌 무조건 떨어지다 구조 이렇게 포장 하다 가르다 좀 무리 아니다 그저 혼란 그 자체 이다 걸 보다 분 걸 보고서 꼭 먹다 매장 들다 가격 착하다 양도 많다 좋다 좋다  손님 쌩 불친절하다 추천 굿 친절하다 가성 비 좋다 수영 팀 지인 모닝커피 좋다 마시다 번창 하다 좋다 메 커피 어플 아이스 아메리카노 토피 넛 라떼 포장 주문 하다 안 가다 받다 토피 넛 라떼 막 맛있다 건 아니다 시원하다 맛있다 버스 정류장 내리다 바로 퇴근 후 커피 사가다 들어가다 좋다 할로윈 줄 항상 이용 하다 곳 이다 번창 하다 굳다 추천 추천 친절 함 남자 알바생 일 하다 분 너무 너무 친절하다 감사하다 선물 받다 있다 메뉴 먹다 보다 시원하다 커피 좋다 좋다 좋다 그냥 그렇다 쿠폰 번호 넣다 왜 막다 모르다 자다 먹다 손흥민 선수 팬 제 어디 서나 메 커피 맛있다 추천 커피 맛있다 번창 하다 감자 빵 강 추하다 번창 하다 맛있다 좋다 하다 딸기 라떼 추천 하다 번창 하다 메 커피 감자 빵 강 추하다 일 하다 분 너무 친절하다 항상 자다 말다 있다 츠천 번창 하다 자주 가다 가게 이다 추천 번창 하다 번창 하다 좋다 번창 하다 추천 진심 존맛 계속 파다 가성 비도 좋다 카페 이다 굿 들리다 때 매번 느끼다 좋다 커피 밋있어 좋다 항상 자다 용하다 번창 하다 좋다 좋다 추천 추천 추천 추천 맛있다 커피 맛있다 좋다 추천 남자 알바생 불친절 대화 하다 좋다 굿 대화 하다 좋다 친절하다 좋다 친절하다 추천 항상 커피 말다 녹차 라떼 티라미슈 케이크 사다 오다 맛있다 가성 비 좋다 추천 굿 쏘다 쏘다 아이 딸리다 라떼 좋아헤 자주 사먹다 추천 굿 추천 굿굿 추천 추천
명지대학교 인문캠퍼스,무지개카페,원래 스무디 류 시키다 먹다 생 스무디 먹다 보다 수박 주스 마 렌카 꿀 케이크 호두 이다 주차 가능하다 방문 해보다 매장 넓다 깔끔하다 도자기 작품 있다 미술 작품 있다 마치 미술관 안 카페 온 것 같다 여름 음료 수박 주스 있다 주문 하다 기대 이상 살얼음 동동 있다 너무 맛있다 갠 수박 주스 좋아하다 곳 뛰어넘다 무지개 오다 수박 주스 꼭 들다 콜드 브루 순하다 너무 맛 요 디저트 중 말 렌카 케이크 베스트 메뉴 하다 주문 하다 밀도 높다 꾸다 덕 넘다 맛있다 시나몬 좋아하다 분 만족하다 들다 다음 또 방문 하다 사장 번창 하다 인테리어 이쁘다 커피 음료 디저트 맛있다 친절하다 주차 굿 홍은동 위치 애견 동반 카페 매장 단체 되다 만큼 넓다 공간 이다 디저트 종류 굉장하다 많다 주문 하다 말 렌카 꿀 케이크 요즘 핫 디저트 이다 크림 꿀 섞다 만들다 하다 쫀득쫀득 식감 빵 이인 테 아주 최애 디저트 돼다 일반 케잌 느낌 아니다 신선하다 맛있다 라떼 맛집 이다 일본 퍼센트 커피 너무 부드럽다 너무 맛있다 조용하다 스피커 엄청 좋다 거 쓸다 소리 거슬리다 않다 책 읽다 대화 하다 너무 좋다 동네 이렇다 곳 있다 모르다 너무 행복하다 인테리어 깔끔하다 엄청 넓다 말 렌카 호두 케이크 먹다 달달 하다 입 안 사르르 녹다 또 먹다 싶다 베스트 이유 다 있다 말 렌카 케이크 다른 곳 먹다 보다 여기 진짜 달달 하다 맛있다 거 아이스 음료 아래 깔다 있다 내용물 자다 섞이다 계속 휘저 주다 거 잊다 말다 베 프랑 이야기 하다 힐링 카 족 추천 무지개 카페 애견 동반 가능하다 무지개 카페 일단 장소 너무 감각 음료 넘다 맛있다 무지개 카페 좋다 인테리어 너무 마음 들다 디저트 엄청 맛있다 세상 아포가토 이렇게 많이 주다 감동 개인 갤러리 같다 카페  까페 자리 넓다 좌석 노트북 하다 편리하다 아지트 같다 까페 음료 맛있다 보이다 메뉴 많다 디저트 케이크 다양하다 고르다 어렵다 맛있다 명지대 카페 동네 자리 넓다 예쁘다 맛 괜찮다 카페 있다 것 처음 알다 자주 갈다 해 궁금하다 시키다 보다 말 렌카 꿀 케이크 너무 맛있다 일단 자리 넓다 의자 편하다 노트북 하다 좋다 명지대 카페 추천 이다 디저트 다양하다 흑임자 라떼 있다 곳 말 다 하다 음료 다양하다 맛있다 강아지 데리 오다 수 있다 너무 괜찮다 자주 오다 같다 명지대 카페 뷰 맛집 홍은동 발견 찌다 카페 맛집 자주 오다 오다 때 편하다 맛 잇다 너무 죠아 커피 디저트 너무 맛있다 매장 넓다 깔끔하다 편안하다 분위기 이용 하다 강 추하다 오오 딸 홍제천 걷다 들어오다 들어오다 카페 동네 걷다 들어오다 분위기 이다 매장 너무 깔끔하다 예쁘다 좋다 분위기 너무 좋다 아늑하다 채광 좋다 말 렌카 꿀 케이크 진짜 존맛 음료 무난 하다 맛있다 좌석 편안하다 조용하다 분위기 혼 카페 추천 리터 커피 주문 하다 정말로 리터 주다 같다 커피 너무 맛있다 헤이질럿 초코 케이크 주문 하다 너무 맛있다 초코 폭탄 충전 제대로 하다 매장 넓다 쾌적하다 기둥 뒤 공간 요소 요소 숨다 그림 넘다 예쁘다 구경 하다 좋다 디저트 종류 많다 음료 맛있다 와인 팔다 다음 또 오다 카페 너무 예쁘다 머물다 동안 기분 좋다 공간 엄청 넓다 녹말 라떼 진짜 맛있다 앞 자주 이용 하다 하다 대화 하다 좋다 커피 맛 맛있다 자주 오다 싶다 곳 케이크 맛 바나나 초코 케이크 추천 하다 주차 하다 편하다 카페 넓다 좋다 디저트 종류 많다 제 좋아하다 꿀 케이크 있다 시키다 먹다 먹다 부족하다 카스테라 추가 주문 하다 둘 다 너무 맛있다 먹다 땅콩 크림 라떼 너무 고소하다 맛있다 여기 제 좋아하다 투성이 자주 오다 달달 티타임 하다 좋다 케익 다른 곳 못 먹다 맛 좋다 쫀득함 매력 적다 주차 가능하다 종종 들다 음료 디저트 맛있다 홍은동 카페 중 젤 맛 요 카공 기도 좋다 보이다 너무 맛있다 딸기 요거트 라떼 먹다 보다 먹다 보다 것 중 제일 맛 요 디저트 너무 달 않다 적당하다 달다 맛있다 굿 처음 가보다 분위기 너무 좋다 케이크 정말 맛있다 흔하다 않다 케이크 신기하다 카페 분위기 너무 좋다 신기하다 마음 들다 매장 넓다 좋다 디저트 음료 맛있다 조용하다 음악 나오다 집중 거나 대화 하다 때 좋다 것 같다 커피 너무 맛있다 디저트 짱 맛있다 특히 말 렌카 최고 임 카페 넓다 소리 리지 않다 대화 하다 좋다 카페 위기 좋다 보고 조용하다 인테리어 이쁘다 카공 하다 좋다 것 같다 작다 전시회 같다 카페 이다 주차 편하다 자리 편하다 커피 맛 잇다 단골 돼다 처음 오다 보다 매장 크다 조용하다 너무 좋다 자리 넓다 조용하다 대화 거나 책보 기도 좋다 바나나 초코 케이크 맛있다 타르트 은근 맛있다  카페 엄청 예쁘다 애견 동반 가능하다 가보다 할로윈 시즌 맞추다 꾸미다 완전 감각 음료 맛있다 좋다 맛있다 친절하다   자리 넓다 주차 하다 편하다 좋다 꿀 케이크 처음 먹다 보다 커피 먹기 좋다 아인슈페너 처 메뉴 하다 먹다 보다 기분 좋아지다 커피 이다 멋지다 메뉴 생각 다양하다 매장 깔끔하다 넓다 안 손 씻다 곳 있다 좋다 디저트 먹다 들르다 케익 부드럽다 너무 달 않다 좋다 같다 재 방문 의사 이다 우리동네 이렇다 예쁘다 카페 생기다 너무 좋다 아인슈페너 처 하다 먹다 크림 너무 부드럽다 달달 이예 사장 너무 친절하다 좋다 분위기 너무 좋다 모임 적합하다 곳 요 좋다 맛있다 넉 쾌적하다 곳 이다 동네 이렇다 공간 생기다 좋다 인테리어 예쁘다 분위기 좋다 식물 곳 곳 있다 그림 화려하다 이쁘다 장소 신상 카페 찾다 가보다 매장 넓다 깨끗하다 사진 맛집 뷰 맛집 커피 맛집 두번째 방문 차도 맛있다 무엇 까페 분위기 좋다 콤달콤 유자차 자다 먹다 가다 향 좋다 커피 친절하다 감동 또 감동 또 오다 팬 좋다 정말 맛있다 먹다 가다 친절하다 해주다 다 기분 좋다 먹다 음료 맛있다 매장 너무 이쁘다 커피 맛있다 친절하다 하다 좋다 분위기 너무 좋다 커피 맛있다 공간 자다 분리 되어다 있다 이야기 하다 좋다 공부 하다 좋다 인테리어 좋다 아인 슈페 너 꼭 들다 보다 갤러리 카페 내부 인테리어 예쁘다 음악 좋다 아직 가다 오픈 기간 메뉴 차차 늘리다 가다 하니 기대 되다  커피숍 생기다 몇번 오다 분위기 느끼다 커피 이상 맛있다 사장 제일 비싸다 원두 사용 다 고 하다 보닐 감 튀다 파다 더 좋다 시간 여유 있다 때 가다 갤러리 같다 분위기 그냥 앉다 커피 마시기 좋다 사진 자다 나오다 커피 맛있다 주차 편하다 조용하다 사장 너무 친절하다 우선 커피 맛 너무 좋다 커피 맛있다 카페 깔끔하다 좋다 연희동 모임 장소 검색 하다 새롭다 오픈 카페 하다 찾아가다 보다 인테리어 깔끔하다 갤러리 오다 예쁘다 그림 걸리다 보다 재미 있다 카페 앞 주차 하다 편하다 단체 석도 있다 명 이다 우리 모임 편안하다 수다 떨다 커피 맛있다 자주 들리다 번창 하다 말 렌카 꿀 케이크 맛있다 방문 조용하다 사장 너무 친절하다 두번째 방문 갤러리 카페 그렇다 작품 전시 되다 커피 맛있다 분위기 진짜 좋다 카페 넓다 분위기 좋다 음악 좋다 맛있다 분위기 좋다 망고 음료 안달 맛있다 좋다 지나가다 분위기 좋다 까페 새롭다 생기다 들어가다 보다 커피 맛있다 분위기 너무 좋다 덥다 날 계속 오다 되다 무지개 카페 사진 너무 잘나오다 너무 편하다 곳 사장 너무 너무 친절하다 의자 진짜 너무 편하다 일어나다 싫다 정도 음료 너무 맛있다 먹다 인테리어 깔다 끄다
명지대학교 인문캠퍼스,발루토 핀치,매번 우유 들어가다 음료 말다 커피 먹다 진짜 커피 하다 지다 고급 진 커피 맛 무화과 통밀 스콘 맛있다 편하다 좋다 명지대 주변 가장 좋아하다 카페 커피 맛 요 젤라또 맛 나용 발루토 커피 가성 비 미치다 조용하다 아늑하다 분위 오다 진하다 맛있다 커피 디져트 최고 넘다 편안하다 좋다 곳 카페 예쁘다 친절하다 말차 아이스크림 라떼 죤맛탱 여기 진짜 스콘 맛집 굿 커피 맛 너무 좋다 주인 장도 친절하다 커피 통밀 스콘 굳다 굳다 음료 다 맛 나다 분위기 넘다 좋다 라떼 맛있다 카페 요   오다 가다 여전하다 맛 나다 스콘 특히 최고 사장 친절하다 커피 맛있다 스콘 맛있다 라떼 맛있다 좋다  친구 동네 놀다 오다 꼭 데려가다 카페 중 하나 이다 학교 앞 그렇다 확실하다 저렴하다 라떼 진짜 맛있다 다른 음료 다 뭔가 특별하다 맛있다 특히 딸기 라떼 말차 아이스크림 라떼 추천 하다 밀크 티 넘다 맛있다 스콘 진짜 맛있다 카페 이다  커피 특히 스콘 맛있다 학교 졸업 방문 하다 그 자리 그대로 있다 너무 좋다 초코 칩 스콘 엄청 자주 먹다 여전하다 똑같다 맛 행복 데우다 주다 초코 살짝 녹다 엄청 맛있다 스콘 맛집 맛있다 라떼 맛 깔끔하다 커피집 땡큐 정말 자주 가다 카페 라떼 맛 차다 좋다 가격 아직 저렴하다 테이크아웃 하다 할인 해주다 음료 종류 정말 많다 먹다 보다 것 중 맛없다 없다 커피 괜찮다 맛있다 원두 신선하다 맛있다 아이스 아메리카노 먹다 매장 분위기 좋다 좋아하다 카페 중 하나 이다 스콘 맛있다 커피 괜찮다 라떼 말다 종종 가다 좋다 커피 맛 괜찮다 용 얼그레이 스콘 부드럽다 맛 좋다 커피 맛있다 작다 만강 집 싸다 맛있다 커피 맛있다 라떼 맛있다 좀  아이스크림 말차 라떼 구매 좋다 좋다 좋다 굿 아이스크림 말차 짱 맛있다  보통 맛 이다 커피 맛집 저렴하다 사장 친절하다 커튼 예쁘다 인테리어 깔끔하다 카페 이다 좋다 녹차아이스크림 맛있다 굳다 친절하다 스콘 맛집 굿 굿 좋다 굿 얼그레이 스콘 진짜 너무 뭄 무무 맛있다 음료 스콘 맛있다 습 니당다 말차 맛있다 곳 이다 말차 커피 말차 케이크 다 맛 요 좋다 명지대 카페 스콘 맛집 이다 녹차 커피 처음 먹다 보다 이름 생각 안나 생각 맛있다 녹차 맛 은근 히 느껴지다 좋다 우 아이스크림 말차 라떼 먹다 멀리 서도 가다 맛있다 짱 좋다 맛있다 넘다 워 우연히 지나가다 선택 하다 말차 아이스크림 라떼 먹다 족 히 번은 오다 같다 다르다 없다 메뉴 하다 진짜 맛 나서다 고민 없이 것 주문 이드 종류 많이 달 않다 깔끔하다 맛 스콘 종류 많다 집 저 조금 뻑뻑 데 담백하다 커피 어울리다 사장 너무 친절하다 무엇 스콘 너무 맛있다 포장 해 가다 분위기 좋다 한번 가다 커피 먹다 좋다 같다 스콘 맛있다 하다 종류 사보다 얼그레이 스콘 제일 맛있다 맛있다 너무 좋다 한번 먹다 보고 계속 오다 되다 곳 완전 맛있다 취향 저격 요 사장 친절하다 커피 맛 좋다 꼭 한번 들다 보다 저렴하다 라떼 맛있다 분위기 좋다 곳 라떼 맛집 이다 커피 디저트 다 맛있다 가격 너무 저렴하다 더 받다 하다 같다 분위기 좋다 스콘 넘다 맛 나용 커피 스콘 맛있다 분위기 있다 스콘 비주 얼 굿 스콘 괜찮다 카페 이다 공부 하다 가장 좋다 카페 라떼 맛집 커피 쿠키 분위기 다 좋다 습 닷 친절하다 분위기 좋다 스콘 맛있다 다른 것 맛있다 커피 맛집 가성 비갑 맛 좋다 가격 착하다 분위기 좋다 카페 스콘 사고 봉투 담다 달라 고하 하나 사면 봉투 달라 표정 지다 없다 쩝 스콘 맛집 동시 말차 라떼 맛집
명지대학교 인문캠퍼스,설빙 명지대점,마감 직전 방문 하다 메론 따로 담다 메론 많이 달 않다 아쉽다 그래도 맛있다 빙수 맛있다 커피 더치 커피 같다 초코쿠키 녹차 설빙 인절미 망고 설빙 방문 포장 하다 개 다 위 토핑 올라가다 안 것 없이 얼음 있다 아무 맛 안 나서다 집 있다 초코 시리얼 얹다 먹다 이렇게 맛없다 먹다 또 첨입니닼 넷이 애플 망고 빙수 개 시키다 추가 더 하라 되다 이면 배달 들다 초코 빙수 최고 망고 빙수 맛있다 먹다 항상 휘핑빼달 말씀드리다 요청 사항 자다 들어주다 사장 너무 친절하다 좋다 넘다 맛있다 항상 가다 설빙 기다리다 거 누락 되다 또 기다림 사과 없이 먼저 먹다 금방 준비 해드리다 내용물 비다 비싸다 편 같다 그래도 여름 시원하다 확실하다 설빙 같다 디저트 프랜차이즈 집 근처 있다 편하다 제 주문 하다 때 딸기 시즌 이다 지금 하겐다즈 딸기 설빙 시즌 끝나다 대신 초코 설빙 있다 맛있다 먹다 지금 워낙 덥다 여름 하니 들다 보기 더 좋다 것 같다 오전 자전거 라이딩 후 팥빙수 땡기다 찾다 가깝다 곳 설빙 있다 너무 좋다 사장 셨던 여자 항상 요  오다 망고 빙수 먹다 기다리다 거의 주차 증 해주다 차비 덥다 오다 여 홀 사람 줄 있다 배달 잠시 멈추다 야하다 아니다 생각 드네 아니다 직원 채용 더 해주다 대략 난감 이다 팥 통팥 아니다 좋다 맛있다 인 빙수 원칙 여기 커피 맛있다 먹다 리뷰 다시 남다 항상 믿다 가다 설빙 설빙 추러스 괜찮다 맛있다 망고 빙수 맛있다  굿 항상 가다 명지대 설빙 양도 많다 좋다 늘 오늘 설빙 빙수 맛있다 매장 크기 다른 지점 작 깔끔하다 좋다 와이파이 가능 화장실 깔다 끄다 맛있다 먹다 가다 사장 직원 불친절하다 매장 정리 자다 되다 않다 맛 있다 사장 불친절 에어컨 틀다 달라 하다 크다 너무 질겨 비싸다 진짜 하다 없다 굿 좋다 굿 좋다 찾기 너무도 힘드다 다른 매장 부실하다 실망하다 명지댜 설빙 넘다 좋다 자다 빙수 맛있다 먹다 오다 좋다 긋다 빙수 맛있다 맛있다 맛있다 친절하다 마감 먹기 시작 하다 늦다 간 저희 탓 있다 저희 나오다 아무리 급하다 이건 아니다 생각 하다  인절미 빙수 짱  설빙 지존 메뉴인 애플 망고 치즈 빙수 먹어주다 기본 이 빙수 맛 이란 있다 때문 맛 있다 여기 설빙 생기 처음 방문 하다 대화 하다 좋다 망고 빙수 생각 달 않다 맛있다 굿 맛있다 설빙 넘다 맛있다 맛있다 차갑다 달콤하다 설빙 애플 망고 빙수 넘다 맛있다 쿠폰 있다 오다 내 돈 주다 안 오다 거 같다 넘다 비싸다 짐 아이 좋아하다 설빙 우리동네 설빙  맛있다 주차 등록 해주다 하다 등록 해주다 되다 주자 창 기본 무료 매장 등록 해주다 총 주차 시간 되다 정보 수정 요청 하다 롯데 몰다 같다 곳도 만 원 먹다 하다 시간 줍다 부자 되다 아주  아무리 그래도 빙수 주문 예전 차례 느끼다 하다 사장 같다 너무 불친절하다 말 한마디 기분 상 하다 돈 주다 먹다 기분 정말 안좋다 다시다 알다 하다 덥다 땐 설빙 아쉽다 매장 좀 좁다 대기 하다 나오다 같다 근데 명 이서 먹다 주문 더하다 명 먹음 안되다 가보다 명 이서 빙수 어캐 두 개 시키다 먹다 누 매장 오다 길이 좀 어렵다 매장 공간 비다 테이블 많다 복잡하다 그래도 빙수 맛있다 수저 넣다  상가 매장 작다 편 그래도 좌석 수가 꽤 있다 여름 설빙 없다 살다 아유 빙수 역시 설빙 팥 인절미 망고 주문 하다 팥 없다  망고 빙수 포장 해오다 먹다 녹지 않다 자다 포장 해주다 녹지 않다 좋다 망고 빙수 요거트 추가 하다 아이 요거트 맛 나다 서비스 마인드 별로 주차 시간 좀 더 주다 좋다 시간 쫒다 먹다 나오다 사람 넘다 많다 빙수 좀 늦다 나오다 포장 해오다 편하다 맛있다 여름 수기 기다리다 하다 빙수 여전하다 맛있다 아이 좋아하다 설빙 맛 나다 요즘 외식 값 너무 오르다 여름 빙수 설빙 불친절 음식 나오다 시간 오래 걸리다 최악 인절미 토스트 짱 빙수 개 사다 연유 하나 주다 뿌리다 너무 모자라 생 얼음 먹다 기분 그릇 너무 작고 흘리다 같다 제대로 비비다 못 포장 해오다 차라리 포장 낫다 그릇 크다 내용물 사진 똑같다 보기 좋다 직원 명 인지 좀 오래 기다리다 불친절하다 맛있다 오래 걸리다 망고 빙수 맛있다 인절미 빙수 망고 빙수 맛있다 빙수 역시 설빙 이다 굿굿
명지대학교 인문캠퍼스,셀렉토커피 남가좌점,동네 셀렉 토 커피 심부름 가다 오다 커피 맛 요 친절하다 라떼 맛있다 역시 셀렉 토 커피 친절하다 커피한잔 하다 오다 좋다 좋다 사장 친절하다 커피 맛있다 텀블러 이용 시 원 할인 되다 자다 용하다 경상도 보다 서울 있다 반갑다  굿 좋다 굿 좋다 용용 친절하다 음료 맛있다 바로 앞 버정 좋다 항상 곳 특히 딸기스무디 짱임돠 굿 사장 많이 친절하다 좋다 좋다 찾다 메뉴 없다 아쉽다 그래도 자다 먹다 굿 너무 덥다 그냥 눈 보이다 곳 들어가다 커피 시키다 커피 기대 이상 너무 맛있다 다음 지나가다 또 사먹다 굿 굿 설명 어려움 화장실 너무 최악 굿   좋다  좋다 커피 맛있다 친절하다 좋다 친절하다 망고 스무디 맛있다 사장 내외 친철 하다 약속 가기 전 남아 잠시 들르다 남자 사장 너무 친절하다 기분 좋다 음료 괜찮다 매장 깨끗하다 딱 하나 아쉽다 화장실 담배 냄새 너무 나서다 숨쉬기 힘들다 지경 이다 사장 친절하다 깔끔하다 좋다 자몽 차 추천 가체 프 아이스 맛있다 텀블러 베다 티 즌데 얼음 많이 넣다 시원하다 말다 있다 감사하다 버블티 먹다 들어가다 괜 차다 좋다 좋다 굿 맛있다 친절하다 굿 좋다 처음 보다 제 원하다 모카 맛 아니다 커피 초코 맛 나 이디야 달콤 비슷하다 좋다 친절하다 가격 합리 적다 좋다
명지대학교 인문캠퍼스,시냇가에심은나무,견과류 식빵 너무 맛있다 케이크 맛있다 쉬폰 부드러움 먹다 때 마다 십년 감탄 스럽다 생크림 진짜 구름 가볍다 맛있다 엄선 하다 대왕 딸기 엄청 달 맛있다 예약 필수 거의 도착 시간 즉석 만들다 주다 아주 신선하다 케이크 야간 빵집 맛있다 빵 팔다 곳 여기다 최고 이다 굿 동생 생일 만 케이크 구매 하다 매번 맛 케이크 찾다 설정 도로 맛있다 케잌 빵 모두 너무 맛있다 집 빵 많이 파다 늦다 여 빵집 케이크 여기 늘 예약 사 가성 비도 좋다 맛있다 늦다 시간 가다 사다 하다 많다 종류 맛보다 하다 너무 맛있다 집 여기다 정말 아시 분 다 알다 동네 숨다 맛집 쥬 늦다 너무 늦다 빵 없다 그치다 맛 잇다 번 방문 하다 케익 다 맛있다 크리스마스 케익 예약 구매 하다 일단 케익 고정 되어다 있다 않다 굉장하다 소프트 하다 생각 없이 들다 다니다 무너지다 버리다 케익 보기 십상 이다 케익 느끼하다 않다 많이 달 않다 맛있다 자다 먹다 사장 불친절 하다 아니다 좀 독특 하다 처음 좀 당황 하다 수 있다 참고 하다 바라다 밤늦다 가야 맛 빵 먹다 신데렐라 밤 빵 바로 나오다 너무 맛 잇다  선물 받다 사람 준 사람 딸기 생크림 케이크 딸기 진짜 크다 빵 시트 생크림 너무 맛있다 진짜 맛집 케익 진짜 맛있다 굿굿 맛있다 굿 모카 빵 러스크 싸다 맛있다 케이크 맛있다 소문 듣다 먹다 보다  팥빵 감자 빵 모카 빵 다 맛있다 케익 부드럽다 맛있다 장님 친절하다 생일 케익 생일 날 주문 하다 글귀 없다 케익 좋다 좌석 편하다 친구 추천 사서 먹다 좌석 편하다 빵 맛있다 굿 모카 쉬폰케익 폭신쫄깃 한판 순삭 이다 생크림 많이 안 달다 맛있다 딸기 엄청 크다 오후 오픈 케이크 하루 전 문자 예약 하다 좋다 가게 오픈 시간 좀 진입 장벽 가게 가면 사장 친절하다 설명 하다 주심 빵 맛있다 친절하다 사장 호두 식빵 코코넛 쿠키 너무 맛 잇다 커피 맛있다 여기 진짜 완전 맛있다  빵 맛있다 케익 너무 맛있다 빵 정말 맛있다 파운드 류 특히 밀도 단단하다 커피 우유 부르다 맛 대학교 학년 때 우연히 사먹다 되어다 내내 대학 모임 행사 때 이 케이크 사먹다 우리 동네 케익 맛집 요 좋다 늦다 운영 빵 폭 폭 신하 좋다 맛있다 토핑 올라가다 과일 신선하다 쉘 쿠키 초코 리베라 리베로 리비 쿠키 맛있다 근데 여기다 케이크 진짜 젤 맛있다   진짜 최고 벌써 여기 케이크 세번 먹다 모카 쉬폰 초코 케이크 치즈케이크 빵 맛있다 딸기 엄청 크다 하나 안시 맛있다 러스크 쇼콜라 쉬폰 구매  케이크 정말 맛있다 빵 맛있다 사장 친절하다 굿 빵 진짜 맛집 오래되다 쿠키 빵 케익 맛집 사장 장인정신 있다 심 가격 저렴하다 빵 너무 맛있다 믿다 먹다 쵸코 케잌 케이크 맛집 빵 케이크 맛집 이다 매장 좀 청결하다 해주시 좋다 것 같다 네 굿 케이크 짱 짱 맛있다 딸기 주먹 죽향 딸기 깜놀 사장 친절하다 예약 시간 맞추다 준비 해주다 감사하다 또 사르다 오다 케이크 살때 늘 여기 사 진짜 맛있다 사장 엄청 친절하다 진하다 초콜릿 맛 부드럽다 항상 맛있다 케익 맛집 진짜 매번 맛있다 것 같다 케익 분위기 너무 너무 좋다 굿 모든 빵 다 맛있다 좋다 케잌 촉촉하다 좋다 굿 싸다 맛있다 굿 맛있다 맛있다 케익 호두 파이 정말 맛있다 사장 정말 친절하다 좋다 좋다 가격 맛 천연기념물 보존 되어다 하다 너무 맛있다 빵집 아니다 파리바게트 이상 굿 사장 친절하다 빵 맛있다 케이크 맛있다 친절하다 다 설명 해주다 굿 차다 좋다 식빵 맛있다 저녁 가면 맛있다 빵 많다 오후 모카 빵 바삭 맛있다 좋다 정말 맛있다 감자 빵 매니아 사장 친절하다 빵 맛있다
명지대학교 인문캠퍼스,쏘네당,지나가다 아기자기하다 예쁘다 인테리어 매번 지나치다 하다 진작 갈다 걸 그렇다 라즈베리 다쿠아즈 꼭 들다 보다 진짜 상콤해 집 커피 내다 먹다 너무 어울리다 또 갈다 뚱카롱 맛있다 얼그레이 마카롱 디저트 먹다 만하 친절 행 쏠티 카라멜 맛있다 항상 찾다 디저트 맛집 이다 맛있다 좋다 맛있다 저렴하다 굿굿 굿 가격 싸다 필링 맛있다 좋다 원래 마카롱 좋아하다 쏘다 끄다 먹다 보고 좋아지다 덜달 덜 느끼하다 정성 만들다 느껴지다 맛 랄 끄다 마카롱 더 다양하다 맛 생기다 좋다 마카롱 예쁘다 맛있다 가게 예쁘다 다른 곳 맛있다 가격 저렴하다 크림 느끼하다 않다 적당하다 단맛 최애 마카롱 집 오래오래 파다 맛있다 마카롱 다쿠아즈 선물 하다 같이 먹다 보다 다쿠아즈 먹다 너무 맛있다 놀래다 저희 딸 너무 좋아하다 마카롱 최애 맛집 안 크림 부드럽다 꼬끄 쫀득쪽득 식감 좋다 가격 원 대박 요 쏘다 말다 쏘다 싸다 맛있다 딸기 마카롱 최고 친절하다 좋다 명지대 최고 마카롱 집 수능 선물 사다 모두 맛있다 하다 많이 사다 쿠키 하나 서비스 주다 크랜베리 쿠키 엄청 맛있다 맛있다 마카롱 가격 착하다 친절하다 뚱카롱 소금 바닐라 맛 맛있다 근방 제일 맛있다  마카롱 맛있다 뚱카롱 끝판 말차 마카롱 맛있다 오다 이 가격 필링 두께 좀 보다
명지대학교 인문캠퍼스,오월의 이유,겨울 어울리다 카페 이다 따다 돗 커피한잔 호록 골목길 안 조용하다 아담하다 카페 치즈케이크 너무 맛있다 조용하다 집중 하다 좋다 직원 친절하다  훌륭하다 오월 주스 최고 이다 오월 주스 넘다 맛있다 출근 전 쉬다 위해 방문 하다 나 알 싶다 카페 공부 하다 주음 스콘 딸기 째다 조합 진짜 맛 도리 오월 이유 메뉴 너무 좋아하다 메뉴 소식 있다 바로 먹다 보다 자리 좁다 넉 분위기 좋다 가보다 인테리어 따뜻하다 느낌 이다 매장 아인 슈페 너 먹다 스콘 포장 하다 가다 아인 슈페 너 정말 맛있다 강추 자몽 파이다 주스 수박 주스  바닐라 라떼 티라미수 레몬 스콘 진짜 맛있다 티라미슈 서울 시내 탑 안 들다 것 같다 크림 라떼 맛있다 아인 슈페 너 자몽 티 티라미수 조용하다 혼자 있다 좋다 커피 맛있다 티라미슈 머스트 잇다 메뉴 서울 시내 탑 티라미슈 맛보다 수 있다 너무 예쁘다 분위기 좋다 스콘 먹다 오월 이유 그냥 스콘 레몬 스콘 초코 칩 스콘 다 맛있다 브라우니 맛있다 오월 이유 진짜 티라미수 맛보다 싶다 오월 이유 티라미슈 굿굿 연휴 오후 가다 사람 꽤 많다 아무래도 공부 거나 책 읽다 분 많다 얘기 하다 가기 약간 눈치 보이다 그치다 책 진열 되어다 있다 조용하다 책 읽다 가면 너무 좋다 것 같다 음료 커피 다 맛있다 욤 티라미수 진 짜다 촉촉하다 맛있다 매장 깨끗하다 처음 가보다 곳 카페 이름 여유 마음 평온하다 느낌 있다 주인 너무 친절하다 무엇 조용하다 분위기 대화 나누다 개인 작업 하다 좋다 것 같다 저희 커피 레몬 티 마시다 맛 좋다 다음 또 가다 싶다 번창 하다 감사하다 생각 쏘다 쏘다 맛 티라미슈 정말 맛있다 커피 맛있다 작 분위기 좋다 곳 매장 분위기 좋다 티라미슈 미네 카페 분위기 좋다 주차 편하다  골목길 조용하다 주택가 위치 하다 사람 많다 않다 좋다 음료 맛있다 초코 브라우니 아이스크림 올려주다 티라미슈 정말 맛있다 커피 맛있다 카페 너무 이쁘다 굳다 깨끗하다 조용하다 한적 평화롭다 카페 카페 분위기 아늑하다 맛 잇다 맛있다 맛있다 티라미수 맛있다 굳다 굿 크림 라떼 맛있다 맛있다 좋다  청결하다 공간 편안하다 좌석 친절하다 사장 맛있다 커피 디저트 꼭 다시 오다 카페 이다 다음 오다 책 읽다 가다 싶다 조용하다 인테리어 예쁘다 오늘 쇼콜라 먹다 것 맛있다   깔끔하다 조용하다 카페  좋다  분위기 괜찮다 커피 좀 쓰다 분위기 좋다 완전 맛있다 인근 최고 카페 굿 분위기 무엇 굿 분위기 좋다 분위기 조용하다 좋다 사진 하다 번 더 우려 먹기 손님 몰리다 오래 기다리다 기다리다 보람 있다 카페 이다 크림 커피 맛있다 만족하다 다 만족하다 완맛 골목 이렇다 곳 숨다 조용하다 맛있다 좋다 카페 분위기 좋다 음료 맛있다 친절하다 인테리어 좋다 사장 친절하다
명지대학교 인문캠퍼스,카페인중독 명지대점,카페인 중독 햅쌀 와플 먹다 나서다 와플 중독 되다 것 같다 평소 크림 많이 좋아하다 편 아니다 카페인 중독 크림 오다 오다 먹다 너무 너무 맛있다 특히 햅쌀 와플 제일 맛있다 강추추추 외플 바삭 누텔라 맛있다 토요일 동네 산책 나오다 햅쌀 와플 맛있다 하다 방문 하다 애플 와플 너무 맛있다 습 니당다 음료 맛있다 좋다 와플 생크림 너무 맛있다 가성 비 좋다 맛있다 집 근처 좋다 맛있다 바삭 생크림 넉넉하다 맛있다 자다 먹다 생크림 푸다 짐 와플 보다 카페인 중독 와플 이다 보다 아직 한번 도전 해봤다 너무 맛있다 보 햅쌀 와플 카야 버터 와플 도전 해보다 메뉴 다양하다 메뉴 다 제 취향 자주 오다 되다 같다 직원 너무 친절하다 메뉴 가격 착하다 너무 맛있다 사장 친절하다 매장 깔끔하다 언제 먹다 생크림 많다 커피 맛있다 코코넛 향 자다 진해 집 앞 있다 곳 디저트 자주 애용 있다 굿굿 짱짱 맛있다 용 와플 맛집 너무 너무 맛있다 또 오다 맛있다 양도 많다 최고 이다 다음 오다 용 너무 맛 잇다 저번 햅쌀 와플 카야 토스트 맛있다 먹다 이번 샌드위치 사먹다 오다 맛 물론 매장 청결하다 사장 너무 친절하다 와플 역시 카페인 중독 따라오다 곳 없다 특히 햅쌀 와플 매번 먹다 때 감탄 절로 나오다 맛 새롭다 나오다 소금 우유 와플 너무 궁금하다 완전 맛없다 없다 아니다 효 집 근처 아니다 바삭 하다 먹다 자전거 타고 열심히 오다 후회 없다 맛 카페인 중독 넘다 이다 와플 넘다 넘다 맛있다 옹 과 친구 자다 먹다 가용 애 간식 달라 고해 엄청 오다 싶다 카 드디어 오다 엄청 기대하다 햅쌀 와플 너무 맛있다 앞 와플 카 먹다 바삭 달달 고소하다 로투스 와플 리뷰 이벤트 복숭아 아이스티 언제 먹다 너무 맛있다 사장 너무 친절하다 앞 더 자주 오다 사장 서도 엄청 친절하다 메뉴 전부 너무 맛있다 햅쌀 와플 완전 완전 강추 이다 또 오다 누텔라 와플 꼭 먹다 보다 와플 맛있다 종종 포장 하다 가다 깔끔하다 좋다 습 니당다 너무 친절하다 규 생크림 와플 최고 와플 생크림 너무 맛있다 최애 와플 항상 친절하다 와플 맛있다 오다 풀이 넘다 맛있다 종종 와플 먹다 오다 너무 맛있다 디자인 좋다 와플 진짜 맛있다 다음 또 방문 하다 주변 사람 별로 없다 쉬다 좋다 곳 너무 누 친절하다 맛있다 기본 최공 와플 종류 다양하다 좋다 무엇 생크림 너무 너무 맛있다 와플 집 중 최고 와플 맛있다 사장 정말 친절하다 정성껏 만들다 줄다 커피 맛있다 디저트 와플 바로 만들다 아이 항상 찾다 와플 맛집 리터 커피 포장 완벽하다 곳 누텔라 와플 넘다 맛있다 다음 방문 하다 같다 친구 여기 와플 동물성 생크림 첨가 하다 느끼하다 않다 트랜스지방 적다 무엇 애플 와플 정말 맛있다 하다 크다 기대 안고 오다 친구 말 너무 맛있다 직원 친절하다 앞 더 자주 방문 하다 애플 맛있다 보이다 메뉴 엄청 많다 근처 생기다 이후 자주 이용 있다 디저트 종류 많다 양도 많다 라면 땅 어리다 때 떡 꼬치 함께 먹다 맛 맛있다 특히 햅쌀 와플 맛있다 다음 다른 종류 와플 먹다 보다 항상 친절하다 너무 좋다 집앞 카페인 중독 있다 너무 좋다 와플 진짜 너무 맛있다 바삭 최고 용 와플 진짜 바삭바삭 하다 맛있다 디저트 차다 맛있다 가격 착하다 맛 좋다 주인 친절하다 너무 좋다 와플 너무 맛있다 자다 먹다 햅쌀 와플 넘다 맛있다 매장 청결하다 좋다 깨끗하다 매장 사장 친절하다 늘 감동 이다 생크림 하나 느끼하다 우유 맛나 좋다 생크림 다른 곳 확실하다 다르다 맛있다 신림 본점 때 자주 이용 하다 항상 사람 많다 가끔 줄 서서 먹다 기억 있다 그만큼 믿다 먹다 와플 맛집 이다 인생 와플 햅쌀 와플 넘다 맛있다 빠삭하 너무 맛있다 달콤하다 맛있다 또 오다 짱짱 햅쌀 와플 생크림 넘다 많다 무거워 충전 제대로 하다 가다 여기 제 와플 최애 집 이애 짇짜 맛 잇다 빨래 방 빨래 돌리다 기다리다 있다 와플 맛있다 고해 방문 하다 그니 치다 햅쌀 와플 출출하다 떡볶이 같이 먹다 오다 미치다 생크림 양 조절 하다 수 있다 좋다 와플 대학 가다 카페인 중독 생크림 더 맛있다 굳이 찾아오다 너무 맛있다 와플 꼭 여기 먹다 아메리카노 와플 조합 진짜 환상 궁합 친절하다 너무 좋다 여기다 와플 들다 오다 하다 생크림 와플 적극 추천 드리다 드디어 카페인 중독 명지대 점 생기다 방문 해봤다 처음 방문 하다 음료 다양하다 디저트 메뉴 많다 자주 찾다 같다 리터 보틀 아빠 커피 맛있다 여기 자주 오다 햅쌀 와플 정말 맛있다 할로윈 이벤트 당첨 돼다 보틀 받다 카페인 중독 오다 맛있다 와플 커피 들다 이벤트 하다 메뉴 하다 붕어빵 와플 먹다 보다  인테리어 너무 좋다 냠냠 찌다 쩝 혼자 먹기 좋다 컵 떡볶이 매장 주방 너무 깔끔하다 사장 엄청 친절하다 알다 맛 맛있다 맛 살찌다 같다 맛있다 맛 메뉴 엄청 다양하다 맛있다 자다 먹다 친절하다 좋다 와플 먹다 싶다 때 자주 오다 매장 깔끔하다 명지대 카페인 중독 생기다 하다 방문 하다 우리동네 새롭다 생기다 카페 아메리카노 리터 용량 있다 크다 메뉴 있다 사장 분다 너무 너무 친절하다 깔끔하다 좋다 크룽 사르다 가다 겨울 메뉴 나오다 먹다 보다 와플 너무 맛있다 메뉴 다양하다 좋다 맛있다 커피 맛 스타일 진짜 맛있다 와플 너무 먹다 싶다 티라미수 햅쌀 와플 코코넛 스무디 사다 역시 맛있다 와플 바삭 하다 맛있다 생크림 왕 맛있다 로투스 딸기 누텔라 사과 다 맛있다 어유 너무 맛있다 아메리카노 엄청 크다 떡볶이 와플 다 맛있다 여기 와플 먹다 다르다 먹다 생크림 하나 느끼하다 완전 부드럽다 생크림 너무 맛있다 습 니당다 여기 자주 오다 생크림 넘다 넘다 맛있다 반죽 맛 나유 바나나 누텔라 짱
명지대학교 인문캠퍼스,컴포즈커피 명지대사거리점,커피 대신 키위 주스 먹다 한의원 밑 저렴하다 커피집 너무 좋다 굿궂 언제나 맛있다 달콤하다 와플 따뜻하다 아메리카노 좋다 사장 알바생 모두 다 친절하다 늘 맛있다 좋다 녹차 라떼 온도 넘다 미지 하다 좀 따끈하다 해주시 감사 드리다 커피 맛 좋다 오늘 와플 맛있다 에스프레소 사서 쉐이크 류 맛있다 굿 아샷추 사르다 오다 맛있다 아샷추 좋아하다 남친 컴 포즈 아샷추 제일 좋아하다  가성 비 최고 카페 컴 포즈 굿 굿  좋다 좋다 좋다 보통 이다   가성 비 좋다 단골 커피 돼다 바닐라 라떼 맛있다 커피 딸기 라떼 모두 맛있다 딸기 라떼 생크림 오르다 있다 보기 좋다  좋다 굿굿   좋다 요새 꽃힌 카페 이다 포장 해오다 굿굿 단골 커피  단골 커피집 커피 키위 주스 모두 맛있다 맛있다 참새 방앗간 보통 이다 가성 비 좋다 덥다 날 쉬다 좋다  블루베리 스무디 아인 슈페 너 둘 다 맛있다 좋다 좋다 저렴하다 좋다 친절하다 좋다 단골 커피  굿  좋다 좋다 굿 커피 맛있다 아주 좋다 좋다 맛있다 만족하다 직원 너무 친절하다 포장 만하 매장 먹다 보다 가성 비다 컴 포즈 좋다 맛있다 좋다 굿굿 커피 맛있다 주스 스무디 맛있다 시원하다 마시다 단골 커피 바쁘다 시간대 패쓰 오다 있다 더 빠르다 주문 식사 하다 수 있다 이 카페 그렇게 시작 해주다  아메리카노 맛 내 취향 좋다 좋다  굿 좋다 좋다 굿굿  좋다 좋다 굿 친절하다 친 친절하다 굿굿 아주 좋다 굿 굿 좋다 좋다 좋다 좋다 좋다 친절하다 좋다 좋다 좋다 굿 좋다 굿굿
명지대학교 인문캠퍼스,크레페허브,일단 가격 만족 먹다 들어가다 크레페 요즘 하다 가격 형성 있다 버터 솔트 너무 궁금하다 단 짜다 지리다 존맛 크레페 이다 저 크레페 부분 먹다 바삭 맛있다 그 바삭 하다 누르다 호떡 그 압축 되다 설탕 부분 있다 그 맛 이다 혹은 공갈빵 재질 숙녀 분 하하호호 디저트 즐기다 달달 공간 이다 추천 지나다 보기 하다 생각나다 들다 보다 사장 엄청 친절하다 벌써 몇번 오다 모르다 완전 맛있다 완전 강추 이다 일 하다 너무 친절하다 주문 즉시 조리 되다 생각 조리 금방 되다 포장 너무 깔끔하다 전혀 눅눅하다 않다 바삭바삭하다 달콤하다 난리 증말 최고 디저트 클래식 망바블 크레페 크레페 허브 안 분위기 좋다 깔끔하다 주문 키 오스 크다 형식 편리하다 맛있다 먹다 가다 주문 즉시 조리 시작 돼다 크레페 너무 너무 따뜻하다 달콤하다 먹다 때 만족 토핑 너무 많다 서비스 좋다 집 시간 거린데 너무 너무 맛있다 먹다 집 주문 즉시 만들다 주시 원하다 크다 스텀 가능하다 최고 직원 선생님 항상 너무 친절하다 앞 꾸준하다 방문 하다 욥 찌다 맛집 초코 생크림 꼭 추가 하다 크레페 너무 맛있다 배달 도 존맛퉹 매장 존맛퉹 근데 오다 먹다 아이스크림 머글 수 있다 키킼 늦다 시간 하다 분위기 좋다 맛 좋다 크레페 집 게다가 직원 친절하다 크레페 맛있다 너무 너무 좋다 아이스크림 하겐다즈 것 완전 배우다 분 꼭 꼭 단골 예정 이다 크레페 가격 것 것 추가 하다 합리 거 같다 음료 할인 이벤트 하다 있다 더 좋다 왕 추천 하다 크레페 진짜 너무 맛있다 풍 미가 훌륭하다 토핑 다양하다 듬뿍 넣다 주어 너무 좋다 또 오다 아이스크림 크레페 존맛 탱 평점 반죽 굽 기와 생크림 종류 스프레드 선택 가능하다 크레페 빠르다 나오다 직원 분 친절하다 근처 살다 않다 맨날 오다 먹다 가다 너무 맛 잇다 크레페 좋아하다 크레페 퀄리티 예민하다 여기 진짜 맛 도리 임 인테리어 예쁘다 만들다 것 직접 볼 수 있다 매장 넓다 너무 좋다 특히 직원 친절하다 너무 감사하다 오다 때 넘다 맛있다 크레페 크레페 맛있다 쟝 알바 모르다 너무 너무 친절하다 귀엽다 크레페 그리다 얼굴 귀엽다 맛 말 하다 없다 생각 양 많다 다 먹다 매장 쾌적하다 화장실 진짜 깨끗하다 너무 좋다 인스타 팝업 뜨다 보다 본점 명지대 있다 너무 너무 맛있다 학교 오다 때 늘 방문 하다 커피 너무 맛있다 생크림 좋다 동물성 생크림 눈 크레페 반죽 굽다 직접 볼 수 있다 직원 너무 친절하다 맛있다 벌써 방문 이다 양 너무 많다 남다 정도 많다 리뷰 이벤트 토핑 적다 주지 않다 리뷰 이벤트 쓸다 누텔라 전시회 같다 친절하다 너무 맛있다 크레페 허브 미치다 넘다 번 이상 먹다 거 같다 이 날 내 과식 하다 저만큼 남다 거임 여기 생크림 개미 치다 토핑 자유롭다 추가 하다 수 있다 크레페 굽다 정도 쫄깃하 바삭 하다 정 하다 수 있다 좋다 꼭 한번 보다 근처 갈다 이다 드디어 입성 하다 매장 깨끗하다 직원 친절하다 요즘 크레페 전문점 찾기 힘드다 너무 맛있다 크레페 예쁘다 습 니당다 밥 먹다 먹기 좋다 디저트 맛있다 크레페 공간 넘다 예쁘다 직원 다 친절하다 좋다 매일 먹다 맛 너무 맛있다 크레페 양도 엄청 많다 넘다 맛있다 거 먹다 춘천 오다 칭구들 먹다 너무 맛있다 차로 거리 또 오다 영 맛 나영 맛있다 크레페 달달 하다 충전 하다 좋다 방문 매장 깔끔하다 크레페 맛있다 같다 크레페 진짜 미치다 달다 땡기다 몰티져스 추가 하다 먹다 과일 많다 맛있다 배달 시키다 보고 맛있다 방문 하다 달달 하다 맛있다 토핑 푸다 짐 크기 커서 맛있다 자다 먹다 가게 너무 깨끗하다 크레페 먹음 직 스럽다 진짜 너 무 맛있다 학교 근처 오다 말 이번 처음 오다 버터 솔트 크레페 정말 맛있다 맛있다 감사하다 크레페 먹다 수 있다 곳 요즘 흔하다 않다 점심 먹다 오다 사먹다 왓어 매장 시원하다 넓다 좋다 크레페 먹다 싶다 들르다 먹다 가다 너무 너무 맛있다 올해 하다 달마 번은 꼭 먹다 것 같다 진짜 강 추하다 달달 하다 좋다 아이 맛있다 간식 사주다 싶다 오다 진짜 맛있다 염 아이 너무 맛있다 뇨  맛있다 감사하다 누텔라 먹다 맛있다 하루 또 오다 너무 맛있다 먹다 요 알반 사장 쏘다 유머 러스 맛있다 매장 자리 넓다 직원 친절하다 너무 친절하다 좋다 크레페 가게 용 명지대 크레페 맛집 너 무 맛있다 충전 최고 양 진짜 많다 오다 궁금하다 마르다 탕 씨 먹다 날 디저트 당첨 크림브륄레 클래식 버터 솔트 크레페 먹다 습 저 크레페 일본여행 가다 때 가끔 접 하다 거 일본 먹다 것 보다 맛 없다 않다 또 뭔가 대단하다 싶다 않다 아쉬움 좀 남다 맛 뿐 아니다 패키지 이모저모 어딘 살짝 살짝 아쉽다 그래도 클래식 버터 솔트 버터 고소하다 소금 짭짤하다 조화 좋다 우 앗 명지대 크레페 맛집 완전 추천 이다 맛있다 집앞 이제야 오다 보다 후회되다 정도 맛있다 원래 딸기 좋아하다 딸기 크레페 먹다 피넛 버터 크림브륄레 너무 눈 들어오다 딸기 토핑 추가 하다 주문 하다 크레페 커피 넘다 맛있다 자주 오다 것 같다 두번째 먹다 보다 맛있다 크레페 먹다 여기 오다 되다 것 같다 번창 하다 크레페 진짜 맛있다 보통 부드럽다 크레페 아니다 얇다 센베 정도 타다 나 단단하다 기대하다 맛 다르다 주문 하다 만들다 시간 좀 오래 걸리다 아직 오픈 한지 얼마 안되다 인지 좀 느릿느릿 하다 달달 하다 충전 하다 너무 좋다 크레페 커피 너무 맛있다 조합 최고 가장 좋다 건 재료 엄청 신선하다 직원 차다 친절하다 카페 내부 분위기 너무 아늑하다 좋다 집중 하다 좋다 동네 크레페 먹다 수 있다 넘다 좋다 토핑 다양하다 사장 친절하다 진짜 레전드 더 먹다 학원 째다 옴 정도 양도 많다 토핑 종류 많다 맛있다 오늘 처음 포장 주문 하다 친절하다 맛있다 과일 신선하다 좋다 양 많다 반 개 먹고다 배부르다 안녕하다 저 방문 하다 직원 친절하다 가게 깨끗하다 크레페 맛있다 과일토핑 신선하다 셀카 자다 나오다 웜톤 쿨톤 분다 추천 드리다 홍홍 하겐다즈 바닐라 망고 요거트 생크림 크레페 아이 먹다 어른 클래식 누텔라 크레페 아이스 아메리카노 아이 너무 맛있다 눈 똥 그렇다 지고 누텔라 크레페 커피 궁합 예술 이다 재 방문 의사 동네 지나다 다니다 때 마다 한번 맛 보다 하다 곳 오늘 첫째 산책 하다 드디어 맛 말 하다 무었 하다 딸기 크레페 요거트 생크림 아이스크림 맨날 먹다 조합 왜 질리 않다 건지다 진짜 너무 맛있다 바삭 게 무조 흠 사진 보 또 먹고다 픔 밥 먹다 크레페 개 먹다 진짜 여기 크레페 너무 맛있다 매장 항상 깨끗하다 얇다 굽다 더 바삭 맛있다  클래식 망바블 크레페 시키다 주문 많다 붓 정도 걸리다 먹다 매장 깨끗하다 넓다 넘다 맛있다 딸기 추가 꼭 해 들다 몰다 티져 스 라우 진짜 맛있다 아이 좋아하다 쵸코 볼 잔뜩 비승 굳다 너무 맛있다 좋다 명지대 크레페 집 저번 오다 너무 맛있다 계속 생각나다 쫄깃쫄깃 빵 달달 토핑 넘다 맛있다 오 동네 아니다 아쉽다 멀다 자주 오지 하다 짘짜 맛있다 거짓말 조금 보태 거 먹다 구 한시 간반 걸리다 여기 오다 아이스크림 들어가다 거 추천 맛있다 진짜 레전드 개꿀맛 크레페 허브 되다 음 맛있다 직원 너무 귀엽다 친절하다 아아 같이 먹다 몀 아아 맛있다
명지대학교 인문캠퍼스,팔공티 명지전문대점,밥 먹다 달달 후식 땡기다 방문 하다 처음 방문 하다 친절하다 평일 오전 낮 조용하다 집중 하다 수 있다 좋다 음료 제 도 로 하다 너무 달다 예쁘다 고양이 보고 힐링 되다 기분 이다 항상 친절하다 좋다 리뷰 없다 최애 밀크 티집 부드럽다 치즈 폼 올라가다 망고 티 지점 많다 않다 찾기 어렵다 망고 시리즈 다 맛있다 타피오카 펄 쫠깃쫠깃 세상 맛 링 좋다 아메리카노 맛있다 리뷰 없다 맛있다 먹다 사고 펄 있다 먹다 보다 굿  디저트 맛 요 헤헤 친구 사이좋다 블랙 밀크 티 타로 밀크 티 사먹다 타로 밀크 티 당 선택 사라지다 아쉽다 그래도 버블티 역시 티  좋다  좋다 딸기 요거트 스무디 맛있다 굿 이드 좋아하다 샤인 머스켓 좋아하다 샤머 이드 꼭 드세다 친절하다 맛있다 가성 비 짱 좋다 맛있다 좋다 얼음 조절 음료 다 맛있다 최고 티 브랜드 처음 먹다 맛있다 굿 자주 들다 먹다 알바생 친절하다 음료 맛있다 가깝다 실내 환하다 좋다 맛 요 가성 비도 좋다 친절하다 매장 조금 작 그래도 친절하다 조용하다 좋다 좋다 좋다 맛 좋다 맛있다 맛 요 친절하다 맛있다 펄 쫀독쫀독 맛있다 굿 친절하다 매장 청결하다 맛 도리 맛있다 굿 저렴하다 맛있다 너무 친절하다 좋다 너무 맛있다 마감 시간 이다 펄 상태 아주 좋다 맛있다 먹다 역시 좋다 맛있다 맛 요 가성 비 좋다 알바생 너무 너무 친절하다 좋다 굿 굿 굿 가성 비갑 가격 저렴하다 학생 많이 이용 맛있다 좋다 굿 굿 역시 티 성비 이다 사장 알바 친절하다 좋다 맛있다  티 가성 비 음료 딱 좋다 바닐라 라떼 카라멜 마끼야또 왠지 시럽 쓸다 것 같다 차라리 연유 라떼 먹다 하다 먹다 꽤 괜찮다 물론 가성 비 좌석 깨끗하다 공부 하다 좋다 보이다 가성 비 굳다 이다 가성 비 굳다 이다  직원 너무 친절하다 직원 친절하다 좋다 습 덩 좋다 좋다 맛 요  좋아욤 좋다 굿 굿 맛있다 음료 맛있다 깨끗하다 좋다 좋다 가성 비 굳다 맛있다 음료 맛있다 티 보금자리 마련 해주다 고양이 너무 귀엽다 해 코지 안 당하다 자다 지키다 좋다 맛있다 기본 블랙 밀크 티 맛있다 좋다 굿 좋다 굿굿 친절하다 좋다
명지대학교 인문캠퍼스,폴센,아들 생일 특별하다 케이크 준비 마카롱 케이크 아기자기하다 꾸미다 모습 모두 감탄 더 찍다 하다 이미 먹다 달 않다 입 맞다 마카롱 찾기 힘드다 맛있다 꼭 먹다 하다 맛 이다 마카롱 맛있다 동네 자랑 폴 세다 최고 명지대 근처 마카롱 집중 제일 맛있다 마카롱 진짜 세상 맛있다 너무 맛있다 항상 그냥 지나가다 순 없다 사먹다 곳 친절하다 엄청 맛 요 마카롱 치즈 케익 티라미수 존맛 탱 마카롱 진짜 맛있다 쫜득쫜득 녹다 버리다 사장 너무 친절하다 넘다 맛있다 기분 좋아지다 맛있다 자주 가게 되다 사장 친절하다 우리동네 최고 맛집 여기 진심 임 얼그레이 마카롱 꼬끄 딸기 맛 이 나 것 같다 맛있다 저렴하다 자꾸 가게 되다 사장 친절하다 마카롱 너무 맛있다 예약 구매 하다 맛있다 사장 친절 선물 받다 먹다 보고 넘다 맛있다 마카롱 너무 맛있다 자주 용해 꼭 가보다 왕 추천 친절하다 맛있다 커피 맛있다 아직 치즈케이크 먹다 보지 하다 너무 맛있다 정도 아니다 빠리 바게트 치즈 타르트 비교 하다 가성 비 좋다 편이 딸 내다 마카롱 달라 엄청 졸라 사보다 제 거의 다 먹다 집 가깝다 맛집 마카롱 집 있다 든든하다 꼬 끄다 껍데기 후 레이크 맛있다 드 좋다 명지대 후문 쪽 마카롱 집 생기다 가보다 꽉차다 필링 버터 늠 맛있다 꼬끄 부드럽다 맛 나용 브루잉 커피 서비스 주다 짱 폴 세다 맛있다 예쁘다 맛있다 마카롱 선물 하다 너무 좋아하다 사장 감솨 우리동네 마카롱 맛집 생기다 너무 맛있다 커피 맛있다 친절하다 맛있다 단골 엄청 맛있다
명지대학교 인문캠퍼스,프에프에케이크,이정희 떡볶이 집 옆옆 옆집 곳 있다 엄마 생신 예약 하다 진짜 망고 개다 들다 같다 망고 폭탄 빵 크림 적절하다 어울리다 너무 맛있다 동물성 생크림 고급스럽다 맛 이나고 것 먹다 보다 무화과 케잌 막 만들다 초코 사보다 리치 맛 케잌 기회 되다 먹다 보다 위치 이정희 떡볶이 옆옆 옆집 너무 맛있다 오늘 주변 도 엄청 추천 하다 다음 또 갈다 너무 맛있다 먹다 사진 찍다 알다 동생 치즈케이크 좋아하다 하다 바로 주문 하다 케이크 판매점 홀 예쁘다 직원 친절하다 앉다 자리 케이크 다 먹다 보기 처음 속 과일 생 망고 너무 맛있다 크림 느끼하다 않다 추석 엄마 생신 늘 케이크 살다 문제 이다 추석 당일 픽업 가능하다 좋다 케이크 종류 다양하다 맛 잇다 보이다 오늘 조각 케이크 갓 늘다 나중 홀 케이크 사가다 언니 생일 홀 케이크 주문 하다 동네 케이크 맛있다 유명하다 전날 예약 가능하다 좋다 맛있다 후기 많다 가보다 조각 생 망고 케이크 주문 하다 생 망고 듬뿍 들다 비주 얼다 너무 예쁘다 좋다 맛 뭔가 프로 아쉽다 느낌 들다 남편 맛있다 집 사다 싱싱하다 많이 안 달 좋다 엄마 생일 케이크 예약 후 방문 하다 픽업 시간 맞추다 제때 제때 망고 썰다 올려주다 사장 너무 친절하다 케이크 엄청 묵직하다 가족 넘다 좋아하다 것 같다 종류 많다 특히 생 망고 케이크 주문 하다 망고 올려주다 점 너무 좋다 자주 오다 같다 저번 오다 맛있다 재 방문 하다 너무 너무 맛있다 보이다 케이크 있다 늘 오다 보고 싶다 드디어 오다 보다 케이크 맛있다 케이크 너무 맛있다 보 다른 곳 다르다 망고 케이크 진짜 생 망고 올려주다 큐브 썰다 망고 사용 하다 아니다 진짜 과일 그대로 사용 하다 픽업 시간 일찍 도착 하다 생 망고 직접 끄다 계시다 망고 도도 높다 부드럽다 케이크 정말 자다 어울리다 또 케이크 생명 크림 생각 하다 입 미끌거리다 남다 크림 아니다 부드럽다 사르르 녹다 크림 만족도 높다 케이크 시트 시럽 의하다 축축하다 시트 아니다 폭 신하 크림 어우러지다 촉감 진짜 맛있다 생각 너무 맛있다 만족도 높다 리뷰 성합 니당다 많이 파다 친절하다 특히 고구마 케이크 진짜 맛있다 케이크 맛있다 사장 밈 도 친절하다 프에프 케이크 오른쪽 생 망고 케이크 이다 생 망고 가득 들다 생크림 느끼하다 않다 맛있다 진짜 나 알다 맛집 우리동네 이렇다 케이크 맛집 있다 지금 알다 케이크 조각 먹다 질리다 편 이건 앉은자리 다 먹다 분명 다 들다 배부르다 입 먹다 보다 하다 정신차리다 보다 없다 너무 달다 않다 생크림 퐁실퐁실 너무 부드럽다 망고 케이크 속 콕콕 박히다 먹다 즐거움 있다 특별하다 날 정말 자다 어울리다 케이크 이다 다른 케이크 먹다 보고 싶다 딸기 케이크 맛집 프 에프 케이크 망고 케이크 맛있다 들어가다 또 구매 하다 가다 걷다 맛있다 수제 케이크 집 생기다 걸 알다 문득 망고 케이크 먹다 이집 생각나다 포장 해오다 달달 동물성 프로 크림 쓸다 케이크 먹음 입 사르륵 녹다 달달 게 아메리카노 자다 어울리다 확실하다 저렴하다 않다 너무 맛있다 하다 생일 만족하다 다행 이다 조각 케이크 두 개다 알차다 케이크 괜찮다 아주 괜찮다 않다 나쁘다 다기 괜찮다 남동생 생일 케이크 주문 하다 완전 만족 먹다 깜박 사진 못 찍다 망고 샤인 머스켓 사다 과일 싱싱하다 생크림 느끼하다 않다 맛있다 개인 딸기 제일 맛있다 빨리 딸기 철 돌아오다 좋다 너무 맛 잇다 계속 사 새롭다 생기다 케이크 전문점 처음 가보다 아담하다 이쁘다 생 딸기 홀 케이크 주문 하다 바로 생 딸기 꽂다 딸기 크다 딸기 아니다 듬뿍 들다 좋다 개인 딸기 케이크 썩 좋아하다 않다 맛있다 특히 생크림 맛있다 초코 케이크 먹다 아들 많이 달 않다 좋다 대요 집 근처 빠바 뚜 레만 있다 케이크 여기 사다 적당하다 달 담백하다 맛있다 망고 가득 들다 잇다 남편 생일케이크 생 딸기 듬뿍 홀 케이크 주문 하다 남편 생일 케이크 딸기 좋아하다 아이 취향 맞추다 곳 사진 해수 구입 하다 일단 딸기 애애애 우 신선하다 크림 동물성 크림 크림 정말 맛있다 크림 많이 달 않다 좋다 빵 너무 너무 부드럽다 크림 딸기 케이크 시트 조합 좋다 가족 정신없이 먹다 간만 맛있다 케이크 먹다 너무 행복하다  서대문 치즈케이크 휘 낭시 케이크 맛집 케이크 조각 커피 하다 잔 하다 것 케이크 진짜 맛있다 생 딸기 쇼트 케이크 좋아하다 먹다 보다 곳 중 상위 이다 동물성 우유 크림 고급스럽다 케이크 시트 안 딸기 가득 들다 식 감다 좋다 덜 느끼하다 전반 고급스럽다 맛 정성 가득하다 스타일 선물 하다 좋다 보이다 시트 촉촉하다 다 들다 맛있다 자다 먹다 크림 너무 달 않다 빵 시트 아주 촉촉하다 맛있다 역대 맛있다 최고 간만 정말 훌륭하다 케이크 맛보다 호캉스 성공 이다 중요하다 기념일 신경 써다 부탁드리다 엄청 해주다 무엇 올라가다 딸기 모두 국산 산청 딸기 더 맛 나다 느껴지다 위 올리다 딸기 안 들어가다 딸기 다 하다 가격 대가 무조건 만 원 넘다 것 같다 그만큼 재료 절대 안 아끼다 사용 하다 것 같다 찌다 만족스럽다 디저트 식사 이다 크림 부드럽다 위 올라가다 딸기 모두 깨끗하다 세척 되어다 있다 충분하다 만족스럽다 홀 케이크 이다 조금 멀다 재주 문도 일부러 찾아오다 해 케이크 진짜 맛있다 이름 촉촉하다 고구마 케이크 크림 별로 좋아하다 않다 케익 자체 즐기다 않다 펴다 케익 너무 맛있다 가족 생일 홀 케이크 주문 싶다 기왕 이면 맛있다 먹다 즐기다 수 있다 정말 맛 케이크 주문 하다 폭풍 검색 해보다 프 에프 케이크 평 좋다 근처 케이크 전문 하다 호점 오픈 하다 바로 예약 하다 딸기 케이크 너무 맛있다 딸기 생크림 케이크 굿굿 동물성 생크림 달 않다 적절하다 딱 맛 담 또 사먹다 레몬 케이크 맛 보 담 딸기 레몬 사다 근데 초코 케이크 나쁘다 않다 또 먹다 하다 맛 아니다 예전 버티다 컬 커피 케이크 맛있다 먹다 기억 있다 버티다 컬 커피 케이크 전문 숍 오픈 하다 하다 바로 케이크 먹다 방문 하다 알다 맛 더 무섭다 하다 촉촉하다 진하다 크림 치즈 맛 잊혀지다 않다 맛 요 재 방문 의사 있다 고구마 맛 주문 하다 사장 친절하다 케익 넘다 맛있다 안 고구마 무스 그게 엄청 많이 들다 좋다 부드럽다 달다 크림 느끼하다 생화 싱싱하다 딸기 듬뿍 들어가다 싱싱하다 달 대박 생크림 조합 말뭐 홀 케이크 너무 맛있다 다음 다른 케이크 먹다 보다 겠다 매장 예쁘다 사장 친절하다 딸기 케잌 러번데 유명 피오 케잌 더 맛있다 거 같다 생 딸기 세상 싱싱하다 케잌 완전 맛있다 사이즈 맛 감안 하다 가격 착하다 거 같다 귀엽다 곰돌이 초 다음 또 오다 명지대 케이크 프에프 지인 모임 있다 고민 하다 고르다 케이크 칭찬 많이 받다 예쁘다 맛있다 케이크 감사하다 서대문 케이크 집 찾다 추천 하다 딸기 케이크 좋아하다 여기다 동물성 크림 딸기 싱싱하다 써다 너무 맛있다 자다 먹다 특별하다 날 맛있다 예쁘다 딸기 케이크 축하 하다 딱이다 다른 케이크 궁금하다 가족 모임 가져가다 너무 맛있다 모두 좋아하다 크리스마스 이브 때 딸기 케익 사먹다 너무 맛있다 다른 케익 궁금하다 재 방문 하다 딸기 통 들어가다 것 같다 정말 이름 그대로 딸기 듬뿍 홀 케이크 먹다 볼 수 있다 역대 딸기 케이크 맛집 특별하다 날 아주 맛있다 자다 먹다 감사하다 딸기 케이크 정말 맛있다 망고 케이크 통조림 망고 끄다 아니다 시럽 절 이다 걸 끄다 너무 달다 우유 생크림 본연 맛 느끼다 기 어렵다 딸기 케이크 먹다 또 가다 싶다 주문 케이크 넘다 맛있다 직원 친절하다 다음 기념일 또 방문 하다 예정 재 방문 의사 이다  진짜 맛 케이크 너무 맛있다 후회 없다 조각 케이크 먹다 보고 홀 케이크 주문 하다 먹다 상견 레 때뭄 주문 하다 너무 너무 다 만족스럽다 케이크 이다 고급 진 자리 너무 자다 어울리다 케이크 생 딸기 케익 정말 맜있어 크리스마스 맞이 하다 남편 케이크 사르다 가다 사장 너무 친절하다 성격 시원시원하다 동물성 생크림 크림 맛 찌다 해 번창 하다 맛있다 생크림 달콤하다 향 긋다 너무 맛있다 자다 먹다 속 딸기 정말 많이 들다 집 근처 맛있다 케이크 집 있다 행복하다 다음 기념일 또 주문 하다 크리스마스 날 케익 픽업 너무 좋다 시간 보내다 맛있다 보이다 케익 홀 케익 조금 작다 듯 하나 높이 높다 우연히 지나가다 맛있다 보이다 케이크 사먹다 크리스마스 케이크 예약 하다 맨날 딸기 케이크 먹다 레몬 먹다 보다 콤 게 맛있다 근데 딸기 더 제 취향 이기다 하다 다음 블루베리 요거트 먹다 보다 오픈 그 때 가다 딸기 케이크 없다 다음 가면 다른 케이크 먹다 보다 여기 휘 낭시 존맛임 케이크 멍청하다 놓치다 바람 사진 엉망 진짜 멋있다 크림 안 미끌거리다 물리 않다 케이크 징 짜다 맛있다 집 맛있다 지나가다 수제 케익 가게 있다 마침 조각 판매 하다 포장 하다 집 맛있다 먹다 케익 구매 하다 동물성 생크림 하다 이하 맛 이다 늘다 아니다 늘 예쁘다 맛있다 케잌 만들다 자주 가다  굿굿
명지대학교 인문캠퍼스,하이롱 디저트가게,에그타르트 최고 마카롱 부드럽다 맛있다 쫜득쫜득 마카롱 넘다 맛있다 에그타르트 맛있다 또 사먹다 구 명지대 디저트 맛집 하다 하이 롱 만 리뷰 남기다 항상 너무 맛있다 감동 맛 이다 제대로 되다 마카롱 움 과자 솔티 카라멜 버터 바 진짜 맛있다 자다 먹다 정말 맛있다 제 거의 다 먹다 애정 하다 하이 롱 모카 헤이즐넛 휘 낭시 맛있다 오다 가다 들리다 싶다 곳 드디어 방문 집 먹다 하다 집 오니 없어지다 사장 친절 하다 존맛 디저트 대박나다 버터 바 너무 맛있다 욤 학교 갈다 때 종종 들리다 구 아몬드 봉봉 크다 럼블 진짜 너무 맛있다 만 하이 롱 가다 제 최애 블루베리 요거트 맛 사먹다 안 들다 블루베리 잼 맛있다 자꾸 생각나다 맛 이번 움 과자 종류 새롭다 나오다 모카 찰떡 휘 낭시 도전 해봤다 식 감다 마시멜로 같다 단맛 많이 안 나다 고소하다 신기하다 사장 쇼콜라 휘 낭시 추천 해주다 꾸다 덕 달달 정말 맛있다 담 마들렌 도전 하다 다시 가다 사장 많이 파다 선물 받다 너무 맛있다 방문 하다 버터 바 여기다 다른 집 안 먹다  하이 롱 버터 바 사랑 이다 휘 낭시 메뉴 무화과 크림 치즈 먹다 보다 너무 맛있다 근본 플레인 버터 바 정말 꾸다 덕 달달 하다 버터 바르다 처음 먹다 꼭 추천 해주다 싶다 맛 제 취향 얼그레이 버터 바 더 맛있다 마카롱 하말 않다 진짜 맛있다 필링 맛있다 꼬끄 쫀득해 제 최애 말차 숲 버터 바 마스 카포네 티라미수 쿠키 사보다 버터 바 종류 다양하다 고민 있다 꾸다 덕해 보이다 게 너무 맛있다 보이다 진짜 너무 맛있다 너무 좋다 점 기본 필링 느끼하다 않다 꾸다 덕 고급스럽다 좋다 둘러싸다 쿠키 도우 진하다 커피 맛 크다 초코 칩 박히다 이 포인트 심심하다 않다 좋다 레드 벨벳 마카롱 크림 치즈 필링 너무 맛있다 크림 치즈 맛 너무 좋다 그동안 먹다 디저트 특색 자다 살리다 것 같다 너무 기대 돼다 다른 메뉴 돌파 하다 가다 이집 버터 바 그렇게 맛있다 하다 사르다 오다 습 니당다 테이크아웃 매장 아담하다 화이트 톤 인테리어 매장 깔끔하다 믿다 사다 블루베리 요거트 마카롱 유자 마카롱 같이 사다 블루베리 먹다 찍다 사진 없다 필링 꾹꾹 들어가다 쫜득하 맛 나용 담 또 재 방문 하다 맛있다 오다 사장 유자 마카롱 진짜 상큼 잡채 다크 청 크다 월넛 피칸 쿠키 말모 여기다 미국 진짜 제 달달 구리 원픽 하이 롱 사랑 하다 너무 맛있다 하이 롱 메뉴 솔티 카라멜 버터 바 이름 듣다 순간 당장 먹다 싶다 실제 맛 그걸 초월 하다 필링 정말 카라멜 녹이다 맛 면서 꾸다 덕 맛있다 발 로나 초콜릿 마카롱 정말 순삭 하다 초콜릿 맛 고급스럽다 좋다 꼬끄 정말 쫀득해 정말 쫀득한데 저 이렇다 식감 좋아하다 완전 취향 이다 버터 바 도장 깨다 하다 싶다 버터 바 주력 아니다 마카롱 추천 하다 자다 먹다 골목 지나가다 예쁘다 카페 있다 바로 시선 팔다 찾아보다 전문 디저트 너무 기쁘다 그것 드물다 버터 바라다 얼그레이 버터 바 먹다 보다 너무 맛있다 사장 알다 대로 집 돌아가다 얼리다 해동 먹다 얼그레이 향 진하다 초코 밸런스 자다 맞다 것 같다 다른 곳 다르다 종류 다양하다 좋다 다른 맛 궁금하다 그냥 한번 먹다 볼 생각 이다 더 자주 오다 버터 바 세계 정말 무궁무진 하다 콘칩 콘 메 정말 곱다 짭짤하다 맛 오픈런 약 걸리다 버터 바 여기 황 치즈 솔티 카라멜 버터 바 개존맛 크다 럼블 케이크 개죤맛 너무 맛있다 홍은동 갈다 때 꼭 방문 하다 가게 시험 보기 전날 달다 먹다 힘내다 방문 하다 완전 사기 충전 되다 맛 옥수수 크다 럼블 처음 먹다 보다 정말 맛있다 담 꼭 사장 픽 맘모스 크다 럼블 먹다 보다 우연히 지나가다 버터 바 하다 번 사먹다 보다 후 유자 레몬 버터 바 제 딱 좋아하다 맛 에그타르트 최고 일단 진짜 너무 너무 맛있다 크다 럼블 처음 먹다 보다 너무 너무 맛있다 버터 바르다 좋아하다 맛있다 디저트 가득하다 발 로나 초코 찌다 득 버터 바 정말 마싯다 초코 맛 낭낭 찌다 득 히 느껴지다 달콤 상큼 끝판 유자 레몬 버터 바 이제 제 최애 버터 바 사장 엄청 친절하다 다 먹다 또 쟁이러 방문 하다 사장 리뷰 자다 안 남기다 사람 요 너무 맛있다 안 남다 수가 없다 진짜 너무 맛있다 자주 갈다 쿠키 이쁘다 맛있다 맛있다 자주 먹다 도 항상꼬끄 쫀득 맛있다 가제 일 좋아하다 산딸기 요거트 마카롱 드디어 먹다 욥 다 맛있다 리뷰 너무 늦다 흑 버터 바 진짜 존맛탱 특히 인절미 대박 사장 넘다 친절하다 좋다 슴 휘 낭시 첫 출시 날 방문 하다 먹다 너무 너무 너무 맛있다 집 가다 길 먹다 너무 춥다 손 얼 뻔 하다 그게 중요하다 너무 맛있다 건 당장 먹어주다 야하다 약과 버터 바 맛있다 그래도 아직 제 최애 황 치즈 처음 쿠키 사먹다 너 무 맛있다 버터 바 맛있다 진짜 인생 마카롱 아니다 사장 정말 맛 잘알다 오늘 떡 절미 버터 바 메뉴 나오다 먹다 보다 진짜 달달 쫀득 꾸다 덕 고소 다 하다 아주 맛 아이 안 들다 떡 완전 큼직하다 쪼오온뜩 하다 먹다 내내 맛있다 진짜 존맛 하다 인절미 흑임자 좋아하다 않다 언니 떡 절미 버터 바랑 흑임자 라떼 버터 바 엄청 좋아하다 저 떡 절미 버터 바 먹기 전 흑임자 라떼 버터 바랑 카라멜 커피 치케 제 최애 이다 이제 떡 절미 버터 바 제 최애 버터 바 맛있다 선물 하다 조아영 명지대 인근 살다 새롭다 생기다 디저트 가게 보 방문 하다 팥 절미 블루베리 얼그레이 초코 크림 맛 마카롱 고르다 최고 선택 꼬끄 쫀쫀 맛있다 달달 하다 세 개 먹다 물리 않다 개인 얼그레이 향 좋아하다 하다 입 물다 확 느껴지다 제일 좋다 에그타르트 겉바 촉 제대로 입 호강 기분 담 또 사먹다 갈다 제 진짜 사진 찍다 너무 맛있다 사진 까먹다 홀라당 먹다 버리다 여기 약과 버터 바 진짜진짜 존맛 탱 인걸 말 하다 제 약과 버터 바 경쟁자 많아지다 모든 버터 바 다 맛있다 진짜루 사장 혹시 실례 안되다 성함 감 딸기 아니다 가요 매장 생기다 때 인테리어 보다 꼭 오다 보다 하다 시간 안 맞다 가다 오늘 방문 하다 진짜 입장 자마자 맛있다 보이다 디저트 너무 많다 보다 것 행복하다 며칠 전 에그타르트 너무 먹다 주문 다이어터 마카롱 먹다 꾹 참다 하다 이다 후회 있다 읍니 운동 더 하다 몇 개 더 사오다 왜 우리 집 예쁘다 접시 없다 건지다 다음 또 주문 하다 때 예쁘다 접시 올리다 사진 찍다 진짜 저 리뷰 남기다 귀찮다 제 손 이렇게 길다 남기다 처음 이다 진짜 맛있다 진심 에그타르트 먹다 수만 있다 오늘 운동 더 해도 좋다 마카롱 에그타르트 먹다 넘다 맛있다 버터 바 도전 해봤다 너무 맛있다 오늘 비 주륵주륵 오다 제 눈 눈물 주륵주륵 흐르다 황 치즈 인절미 떡 존맛 다른 맛 먹다 보다 또 픽업 하다 솔티 카라멜 또 먹다 오다 이 집 쿠키 정말 맛 도리 이다 여기 진짜 맛집 달달 구리 디저트 좋아하다 무조건 가야 하다 명지대 디저트 맛집 디저트 맛집 요 달달 파라 디저트 좋아하다 맛집 찾다 기분 좋다 버터 바 처음 먹다 보다 쫀득 사르르 녹다 넘다 맛있다 다른 맛 다 먹다 보고 싶다 원래 마카롱 러버 여기 마카롱 먹다 보고 싶다 테이크아웃 가다 인테리어 진짜 깔끔하다 예쁘다 너무 너무 맛있다 먹다 버터 바 처음 먹다 보다 엄청 꾸다 덕 적당하다 달 맛있다 마카롱 완전 쫀득해 다음 또 갈다 오늘 인스타 올라오다 플레인 버터 바 사진 너무 맛있다 보 집 들어가다 길 사오다 하다 입 먹다 리뷰 쓰다 오다 넘다 맛있다 기절 쫜득쫜득 하다 달달 짭조롬 진짜 맛있다 황 치즈 맛 아직 먹다 보지 하다 벌써 너무 기대 돼다 에타 버터 바 맛집 진짜 너무 너무 맛있다 버터 바 너무 먹다 주위 버터 바 가게 생기다 너무 좋다 이제 엄청 유명하다 늦다 버터 바 없다 저 유자 레 버터 바르다 제일 좋아하다 언니 너무 맛있다 사랑 하다 솔직하다 요즘 어디가 이 가격 에그타르트 먹다 수 있다 필링 너무 익다 너무 덜 익다 않다 딱 적당하다 찰랑찰랑 부드럽다 흘러내리다 않다 탱 글 아니다 글 정도 부드러움 진짜 완벽하다 좀 일찍 가다 오늘 에타 있다 하다 가다 이미 다 나가다 대다 조금 눈물 주르륵 날 것 같다 앞 더 일찍 예약 해 두다 많이 버시 행복하다 에그타르트 여전하다 맛있다 제 찾다 마카롱 없다 아쉽다 버터 바 처음 먹다 보다 맛있다 다음 딸기 요거트 마카롱 있다 해 여기 마카롱 부터 시작 하다 에그타르트 중독 되다 곳 토요일 먹다 일요일 생각나다 휴무 오늘 또 달려가다 사다 크다 럼블 너무 맛있다 버터 바 진짜 맛있다 진짜 크다 럼블 너무 좋다 맛있다 사진 찍다 쿠키 처음 보다 먹다 보다 진짜 맛있다 다음 또 사르다 에그타르트 말 필요없다 갈다 때 사가 요 헉 너무 맛있다 마카롱 말 하다 뭐해 맛있다 휘 낭시 너무 맛있다 부드럽다 또 쫀쫀해 입 입 소중하다 행복하다 먹다 시나몬 츄러스 맛 완전 추천 하다 버터 바 처음 먹다 보다 충전 제대로 눈 떠지다 맛 저녁 늦다 에그타르트 먹다 보다 너무 아쉽다 다음 또 갈다 사장 적다 일 하다 많이 버세 휘 낭시 쫀득쫀득하 너무 맛있다 약과 버터 바 정말 쫀득쫀득 꾸덕꾸덕 하다 맛있다 최고 달달 하다 충전 하다 짱 마카롱 꼬끄 쫀득 필링 가득하다 너무 맛있다 가게 집 근처 가다 오픈 날 마카롱 몇개 사먹다 진짜 너무 맛있다 자주 가다가 요즘 그냥 단골 되어다 버리다 진짜 너무 너무 너무 맛있다 집 근처 하굣길 종종 사가다 디저트 맛집 진짜 메뉴 하나같이 다 맛있다 새롭다 메뉴 자주 나오다 재료 완전 아낌없이 들어가다 있다 너무 맛있다 상온 상태 먹다 너무 너무 맛있다 오다 에그타르트 너무 맛있다 인테리어 깨끗하다 너무 너무 맛있다 사장 너무 이쁘다 친절하다 진짜 최고 팥 절미 마카롱 스타트 하다 멈추다 없다 자주 방문 하다 되다 같다 산딸기 요거트 마카롱 에그타르트 진짜 맛있다 다음 약과 버터 바인 그거 먹다 보다 잘나가다 같다 구 여러분 피스타치오 버터 바 꼭 들다 꾸다 덕 바삭 겉 빠싹 안다 꾸다 덕 하다 증말 맛있다 습 닷 꾸다 덕 하다 이빨 자국 날 정도 이다 닷 꼬끄 쫀덕쫀득 맛있다 다음 다른 버터 바 먹다 욧 진짜 사장 친절하다 예쁘다 디저트 맛 너무 맛있다 집 가깝다 맨날 맨날 오다 사장 흥 하다 에그타르트 완전 묵직하다 맛있다 맛 맛 가격 엄청 착하다 당장 프차 카페 둘러보다 투썸 마카롱 메 커피 백원 이백원 차이 맛 배정 더 맛있다 진짜 존맛 이다 너무 맛있다 눈물나다 뻔하다 진짜 자주 들리다 마카롱 크림 생각 많다 맛 있다 아부지 사오다 담 친구 가다 맛 여 에그타르트 부드럽다 먹기 너무 편하다 맛있다 달달 거 당기다 때 좋다 듯 메뉴 다양하다 맛 좋다 단 거 별로 안 좋아하다 동생 좋아하다 좋다
명지대학교 인문캠퍼스,할리스 서울명지대점,층 콘센트 자리 오래 앉다 집중 하다 좋다 처음 아이스 자다 못 나오다 그래도 이해 하다 근데 립스틱 그대로 묻다 컵 좀 아니다 않다 이미 입 대다 깜짝 놀라다 기본 아니다 거 다 들다 컵 자다 확인 하다 좋다 깔끔하다 좋다 좋다 굳다 굳다 때 항상 조용하다 편하다 분위기 주변 카페 중 노트북 하다 가장 좋다 카페 같다 좋다 좋다 굳다 굳다 굳다 맛있다 카페라떼 시키다 맛있다 매장 깔끔하다 음료 맛있다 음료 처음 잘못 나오다 다시 자다 제조 해주다 슴 다 좋다 콜드 브루 라떼 맛있다 굳다 가끔 생각나다 굿 명지대 점 할리스 깔끔하다 좋다 굿 콜드 브루 라떼 맛있다 깔끔하다 좋다 음료 맛있다 집중 하다 수 있다 조용하다 분위기 업무 하다 좋다  굳다 식사 후 명지대 앞 할리스커피 점 차마 면서 담소 나누다 매장 자리 넓다 커피 차도 맛있다 좋다 추천 하다 할리스 하다 바닐라 딜 라이트 당 떨어지다 먹다 가다 만 먹다 맛있다 층 카페 자리 많다 조용하다 공부 하다 가기 좋다 얘기 하다 가기 좋다 곳 이다 좋다  굿  매장 넓다 붐비다 시간대 여유롭다 이용 하다 수 있다 분위기 좋다 사장 친절하다 할리스 굿 조용하다 좋다 좋다 행사 해 좋다 층 인테리어 너무 괜찮다 깜놀 굿굿 만 바닐라 딜 라이트 마시다 정신 빡 드네 충전 이다 커피 차다 맛있다 룸 자다 되어다 조용하다 좋다 넓다 조용하다 너무 좋다 직원 짱 친절하다 심 굿 이다 공부 하다 좋다 조용하다 공부 하다 좋다 매장 쾌적하다 층 좋다 선물 바닐라 딜 라이트 조각 케이크 구매 하다 쏘다 쏘다 커피 맛 좋다 인 빙수 있다 빙수 먹다 싶다 때 먹기 좋다 좋다 커피 디저트 맛있다 대박나다 정말 맛있다 굿 공부 하다 좋다 분위기 카페 인테리어 예쁘다 깔끔하다 좋다 좋다 굿 넓다 쾌적하다 맛있다 만 할리스 들다 보다 새롭다 오픈 하다 보다 저녁 가다 음악 소리 없다 저 좋다 대화 나누기 좋다 곳 같다 분위기 좋다 스터디 하다 좋다 직원 친절하다 좋다 매장 넓다 좋다 매장 좋다 징 넓다 깨끗하다 커피 말다 쉬다 간단하다 공부 하다 좋다 친절하다 깨끗하다 조용하다 좋다 이벤트 많이 하다 좌석 많다 무엇 아침 여자 매니저 너무 친절하다 굿 매장 넓다 좋다  좋다 할리스 하다 바닐라 딜 라이트 친절하다 서울 명지대 점 할리스 방학 그렇다 매장 한산하다 명지대 학생 교직원 이벤트 중이 왠지 질투 남 명지대 근처 독서실 비슷하다 정도 좌석 편하다 좋다 근처 보다 좋다 종종 들리다 매장 넓다 좋다 음료 맛있다 분위기 좋다 딸기 치즈 케익 하다 치노 강추 새롭다 생기다 깔끔하다 좋다 좋다 분위기 좋다 집중 하다 좋다 할리스커피 깊다 진하다 풍부하다 커피 맛 늘 자주 서다 공부 하다 매장 깨끗하다 대화 하다 좋다 차분하다 카 맛집  친절하다 명지대 점 특별하다 이벤트 많다 좋다  좋다 좋다 조용하다 카공 하다 좋다 분위기 아아 맛있다 포스 계산 안 받다 보다 카페 크다 좋다 개강 후 사람 많아지다 알바생 분 확실하다 알바 힘들다 같다
